"t"	"x"	"y"	"z"	"magnitud"
4.180944000E-3	1.562534571E-1	-9.462833405E-2	-2.294726372E-1	2.933042033E-1
1.241663600E-2	2.332878113E-1	-6.552648544E-2	-2.530822754E-1	3.503820219E-1
2.066175100E-2	4.995603561E-1	6.150627136E-2	-2.883281708E-1	5.800661212E-1
2.889840500E-2	8.941979408E-1	1.256856918E-1	-3.221487999E-1	9.587318185E-1
3.713544400E-2	1.244284868E0	2.243990898E-1	-3.292112350E-1	1.306514379E0
4.537113600E-2	1.542745709E0	3.633198738E-1	-3.737850189E-1	1.628428965E0
5.360609700E-2	1.548031092E0	4.411120415E-1	-3.407969475E-1	1.645333599E0
6.184009700E-2	1.283563733E0	4.328565598E-1	-3.565788269E-1	1.400731637E0
7.007521300E-2	8.977952003E-1	3.607487679E-1	-3.715300560E-1	1.036441256E0
7.831005900E-2	5.967791080E-1	2.537612915E-1	-3.853693008E-1	7.543537598E-1
8.654432800E-2	4.286516905E-1	2.797374725E-1	-3.691287041E-1	6.310715692E-1
9.477913600E-2	3.373667002E-1	2.712497711E-1	-3.826150894E-1	5.777430531E-1
1.030147510E-1	3.546707630E-1	2.288284302E-1	-4.168968201E-1	5.932594367E-1
1.112510590E-1	4.325625896E-1	2.459969521E-1	-4.266052246E-1	6.554516855E-1
1.194871360E-1	5.982600451E-1	2.562174797E-1	-4.100179672E-1	7.692055719E-1
1.277220970E-1	7.212388515E-1	2.954545021E-1	-4.248905182E-1	8.876997219E-1
1.359585590E-1	7.501692772E-1	3.494844437E-1	-4.477005005E-1	9.409192627E-1
1.441934430E-1	7.206836939E-1	4.236388206E-1	-4.195480347E-1	9.353477377E-1
1.524285200E-1	3.058761358E-1	3.689665794E-1	-2.967596054E-1	5.637045419E-1
1.606634820E-1	6.314539909E-2	3.235745430E-1	-1.581707001E-1	3.656580324E-1
1.688990970E-1	-1.460862160E-1	4.228448868E-1	-1.146225929E-1	4.618195747E-1
1.771339050E-1	-1.956443787E-1	5.536293983E-1	-8.337450027E-2	5.930712781E-1
1.853683660E-1	-2.541542053E-4	7.291607857E-1	-1.702656746E-1	7.487762789E-1
1.936037120E-1	2.483566999E-1	9.310488701E-1	-2.129125595E-1	9.868458881E-1
2.018378660E-1	7.056620121E-1	1.231730938E0	-2.047615051E-1	1.434241002E0
2.100731740E-1	1.319023609E0	1.561564922E0	-2.222313881E-1	2.056135958E0
2.183081740E-1	1.899145722E0	1.915543079E0	-2.609090805E-1	2.710006146E0
2.265439040E-1	2.540462971E0	2.191432476E0	-2.482051849E-1	3.364213759E0
2.347774810E-1	2.958640575E0	2.201988220E0	-1.106843948E-1	3.689790944E0
2.430127890E-1	3.445913792E0	1.928751945E0	1.707353592E-1	3.952664480E0
2.512451740E-1	3.546205521E0	1.585908413E0	4.272880554E-1	3.908101095E0
2.594770580E-1	3.345725536E0	1.340614319E0	6.333842278E-1	3.659549384E0
2.677189430E-1	2.938286066E0	1.171003342E0	9.165501595E-1	3.293150168E0
2.759528660E-1	2.445035696E0	9.501571655E-1	1.011782646E0	2.811530245E0
2.841869040E-1	1.996713161E0	7.771148682E-1	9.673252106E-1	2.350848577E0
2.924212120E-1	1.725090504E0	4.831318855E-1	8.814449310E-1	1.996571770E0
3.006555190E-1	1.437947989E0	2.433848381E-1	8.263788223E-1	1.676255516E0
3.088892500E-1	1.274608135E0	6.306123734E-2	6.752815247E-1	1.443817078E0
3.171241730E-1	1.062698603E0	-2.166576385E-1	4.844183922E-1	1.187825758E0
3.253592500E-1	1.607724547E0	-2.426910400E-2	2.743134499E-1	1.631139197E0
3.335951730E-1	1.638462067E0	-2.608599663E-1	-1.098608971E-1	1.662731272E0
3.418300580E-1	1.511036992E0	-2.362670898E-1	-4.195899963E-1	1.585910052E0
3.500649810E-1	1.935026646E0	2.114524841E-1	-9.034810066E-1	2.146000513E0
3.583000960E-1	3.427608252E0	-9.392700195E-1	-2.112595081E0	4.134463021E0
3.665345960E-1	3.422907352E0	1.156487465E-1	-1.014339924E0	3.571911933E0
3.747684810E-1	3.742960453E0	1.318130016E0	7.005405426E-2	3.968894968E0
3.830020190E-1	4.488125801E0	2.103200912E0	9.460277557E-1	5.045958363E0
3.912352110E-1	4.979305267E0	2.327397823E0	8.067293167E-1	5.555274409E0
3.994669040E-1	5.753551960E0	2.037605286E0	2.780046463E-1	6.110031263E0
4.076990960E-1	6.488024235E0	1.848567963E0	8.862161636E-2	6.746815232E0
4.159317880E-1	7.248458862E0	1.983499050E0	2.529759407E-1	7.519203494E0
4.241660190E-1	7.578125000E0	2.560742855E0	6.054067612E-1	8.021963590E0
4.324004420E-1	7.211726189E0	3.099477768E0	4.614238739E-1	7.863120821E0
4.406356340E-1	7.172646046E0	2.960129738E0	5.014371872E-2	7.759622011E0
4.488708650E-1	6.598951817E0	1.587805748E0	-2.230215073E-1	6.790952125E0
4.571065960E-1	7.707360744E0	-7.209472656E-1	-1.444172859E-1	7.742353063E0
4.653404420E-1	8.130200386E0	-2.364518642E0	4.101943970E-1	8.476990396E0
4.735761340E-1	7.786158562E0	-3.452618361E0	8.982963562E-1	8.564565081E0
4.818107110E-1	7.067737579E0	-4.492859364E0	1.216823101E0	8.462822119E0
4.900452880E-1	6.087087631E0	-5.278646946E0	1.668039322E0	8.227946560E0
4.982788650E-1	5.916174889E0	-6.365655422E0	1.661963463E0	8.847870751E0
5.065132110E-1	5.932426929E0	-7.740825653E0	1.691135883E0	9.898182239E0
5.147561730E-1	5.568792343E0	-9.133451462E0	1.472866535E0	1.079818131E1
5.229908260E-1	5.622617722E0	-1.029710197E1	1.186726093E0	1.179205062E1
5.312252110E-1	4.958447933E0	-1.144448853E1	1.191310883E0	1.252923562E1
5.394604420E-1	2.719202995E0	-1.251835251E1	1.424808979E0	1.288927054E1
5.476942110E-1	2.013045549E0	-1.440279961E1	2.781847477E0	1.480647373E1
5.559286720E-1	2.891176224E0	-1.721707153E1	3.434830666E0	1.779282198E1
5.641627490E-1	2.522835732E0	-1.971535492E1	2.509267807E0	2.003387992E1
5.723974030E-1	2.270940542E0	-2.274345016E1	1.866319656E0	2.293261532E1
5.806312110E-1	6.047215462E-1	-2.546759224E1	1.980074883E0	2.555160737E1
5.888652880E-1	-1.883287907E0	-2.699121475E1	2.434889793E0	2.716617631E1
5.970982880E-1	-5.405013084E0	-2.782096863E1	3.785366058E0	2.859282179E1
6.053333260E-1	-9.060180664E0	-2.699730301E1	5.121154785E0	2.893384644E1
6.135680570E-1	-1.254814529E1	-2.614633369E1	6.832854271E0	2.979554687E1
6.218023640E-1	-1.510308075E1	-2.514884186E1	7.453550339E0	3.026751902E1
6.300364800E-1	-1.570583916E1	-2.408230209E1	7.518486023E0	2.971797924E1
6.382729410E-1	-1.379458427E1	-2.338273239E1	5.972368240E0	2.779769616E1
6.465085570E-1	-1.027117062E1	-2.275283623E1	3.782464027E0	2.524867395E1
6.547420570E-1	-5.616417885E0	-2.183242798E1	1.270911217E0	2.257906722E1
6.629759030E-1	-5.294430256E-1	-2.073514557E1	-9.449048042E-1	2.076341534E1
6.712104030E-1	3.474597454E0	-1.936524391E1	-2.159789562E0	1.979268022E1
6.794454030E-1	6.235292435E0	-1.744839287E1	-2.066496372E0	1.864391838E1
6.876793640E-1	7.296212196E0	-1.553415775E1	-1.070652962E0	1.719567002E1
6.959126330E-1	7.331292152E0	-1.296742630E1	3.533334732E-1	1.490056489E1
7.041466720E-1	8.187389374E0	-1.000701809E1	1.754747391E0	1.304809926E1
7.123811720E-1	9.929288864E0	-6.786149025E0	2.592737198E0	1.230304361E1
7.206164790E-1	1.210606480E1	-3.688328266E0	1.815032005E0	1.278494863E1
7.288520180E-1	1.509419441E1	2.369523048E-1	5.541181564E-1	1.510622052E1
7.370878640E-1	1.720640373E1	5.331926823E0	5.566167831E-1	1.802219729E1
7.453228250E-1	1.860277176E1	1.101969528E1	5.740165710E-1	2.162929255E1
7.535575950E-1	2.002229691E1	1.607220650E1	5.041990280E-1	2.568000023E1
7.618003250E-1	2.104128075E1	2.101759720E1	9.180011749E-1	2.975428731E1
7.700342100E-1	2.180033302E1	2.684294319E1	1.468852043E0	3.461149586E1
7.782688250E-1	2.237015533E1	3.108878899E1	1.600776672E0	3.833404670E1
7.865030180E-1	2.356910515E1	3.326105499E1	1.101531029E0	4.078006703E1
7.947360950E-1	2.399986076E1	3.380401230E1	9.022302628E-1	4.146707831E1
8.029683640E-1	2.419060135E1	3.205660248E1	2.391596794E0	4.023096682E1
8.112004410E-1	2.244639015E1	2.988256454E1	3.719820023E0	3.755855636E1
8.194331710E-1	2.127903748E1	2.666473770E1	5.087738991E0	3.449189413E1
8.276670170E-1	2.030247116E1	2.256265450E1	6.164845467E0	3.097206859E1
8.359010940E-1	1.900505638E1	1.817735481E1	7.119935989E0	2.724521765E1
8.441364020E-1	1.778460693E1	1.369382286E1	7.655288696E0	2.371532149E1
8.523717480E-1	1.650988579E1	9.375345230E0	7.786752701E0	2.052089044E1
8.606059400E-1	1.588732529E1	6.024139404E0	7.632643700E0	1.862671764E1
8.688397870E-1	1.579118538E1	2.721617937E0	7.090044022E0	1.752248453E1
8.770741330E-1	1.511495972E1	-3.405296803E-1	6.053542137E0	1.628567899E1
8.853096330E-1	1.385713959E1	-2.998710155E0	4.990858078E0	1.503067678E1
8.935468630E-1	1.195676708E1	-5.182631493E0	3.755032539E0	1.356186630E1
9.017843630E-1	1.082376099E1	-7.248951435E0	2.396330833E0	1.324550868E1
9.100207090E-1	1.042718506E1	-9.437612534E0	1.184106827E0	1.411371062E1
9.182582090E-1	1.043889523E1	-1.115037346E1	4.278697968E-1	1.528019746E1
9.264945940E-1	1.027719116E1	-1.225283718E1	-1.411037445E-1	1.599289178E1
9.347297090E-1	1.070041084E1	-1.382482147E1	-9.738774300E-1	1.750922380E1
9.429654400E-1	1.395302010E1	-1.664004707E1	-1.945333481E0	2.180280392E1
9.512017090E-1	1.469401741E1	-1.872324944E1	-2.590203285E0	2.394124830E1
9.594380940E-1	1.402469063E1	-2.013548660E1	-2.508634567E0	2.466623229E1
9.676724400E-1	1.275484276E1	-2.119557190E1	-2.908660889E0	2.490780179E1
9.759062480E-1	1.091999245E1	-2.182727623E1	-3.641490936E0	2.467664237E1
9.841404020E-1	9.745670319E0	-2.195544815E1	-4.052423477E0	2.436066357E1
9.923747480E-1	9.234471321E0	-2.275838280E1	-4.360468388E0	2.494460127E1
1.000610325E0	8.144901276E0	-2.350361824E1	-4.349738598E0	2.525232094E1
1.008854863E0	6.609995842E0	-2.414513969E1	-3.676946640E0	2.530216893E1
1.017089171E0	4.876772404E0	-2.480986404E1	-2.225278378E0	2.538235857E1
1.025322863E0	2.423418045E0	-2.497445107E1	-8.263039589E-1	2.510535678E1
1.033557363E0	-4.396009445E-2	-2.457996559E1	4.316644669E-1	2.458379497E1
1.041790555E0	-1.392082214E0	-2.490419197E1	1.178926468E0	2.497091384E1
1.050024747E0	-3.626294613E0	-2.521309662E1	1.068141937E0	2.549492461E1
1.058259978E0	-7.541897297E0	-2.454040909E1	8.607797623E-1	2.568760080E1
1.066494709E0	-1.065193081E1	-2.363267708E1	5.845584869E-1	2.592891753E1
1.074728670E0	-1.282187080E1	-2.264084816E1	6.739673615E-1	2.602811189E1
1.082962286E0	-1.407260513E1	-2.137297821E1	4.435081482E-1	2.559373189E1
1.091195209E0	-1.431597900E1	-2.045345306E1	-3.621311188E-1	2.496842278E1
1.099428286E0	-1.274867630E1	-1.989943314E1	-1.116708279E0	2.365931580E1
1.107662209E0	-1.037676334E1	-1.934345627E1	-1.908868790E0	2.203384438E1
1.115894478E0	-7.159559250E0	-1.894924545E1	-2.901335716E0	2.046340492E1
1.124128132E0	-3.877516747E0	-1.860286713E1	-3.851279259E0	1.938902147E1
1.132361401E0	-4.138813019E-1	-1.825090027E1	-4.481998444E0	1.879773839E1
1.140593747E0	3.214512825E0	-1.766397095E1	-4.685929298E0	1.855550850E1
1.148828209E0	6.128025055E0	-1.708013344E1	-4.847185135E0	1.878240807E1
1.157064055E0	9.330560684E0	-1.644914055E1	-5.121416092E0	1.959240900E1
1.165300516E0	1.270005608E1	-1.591865349E1	-5.292988777E0	2.104069113E1
1.173534747E0	1.522088432E1	-1.527771091E1	-5.169712067E0	2.217678275E1
1.181768208E0	1.641529274E1	-1.458287907E1	-4.807720184E0	2.247746362E1
1.190003324E0	1.664327812E1	-1.407418060E1	-4.270590305E0	2.221079035E1
1.198236939E0	1.643354416E1	-1.325889301E1	-3.257054329E0	2.136511223E1
1.206470401E0	1.663327789E1	-1.248355198E1	-2.078752518E0	2.090038793E1
1.214705131E0	1.737765884E1	-1.142057991E1	-1.531930447E0	2.085088687E1
1.222938016E0	1.828897476E1	-8.803387642E0	-1.947590351E0	2.039066796E1
1.231171093E0	1.944726372E1	-6.184258938E0	-2.433190823E0	2.055143650E1
1.239406439E0	2.056026459E1	-3.132013798E0	-2.837079525E0	2.099006933E1
1.247641593E0	2.045835495E1	1.200044870E0	-2.862278461E0	2.069243903E1
1.255884785E0	1.968521118E1	6.519982338E0	-2.087377071E0	2.084166145E1
1.264119593E0	1.974313927E1	1.101595306E1	-5.142908096E-1	2.261431549E1
1.272355208E0	2.097651100E1	1.284405231E1	1.259080887E0	2.462862112E1
1.280590016E0	2.222530937E1	1.385403156E1	4.025053024E0	2.649716247E1
1.288823400E0	2.272534180E1	1.463732529E1	8.976395607E0	2.848276899E1
1.297058323E0	2.284192276E1	1.483853626E1	1.569619656E1	3.143733736E1
1.305292823E0	2.370145988E1	1.434531116E1	2.326351929E1	3.617649075E1
1.313526862E0	2.436378670E1	1.356621361E1	2.828775978E1	3.972195372E1
1.321759746E0	2.275078583E1	1.238148499E1	3.462937546E1	4.324457273E1
1.329993054E0	2.015780258E1	1.051963043E1	4.096263885E1	4.685015914E1
1.338226169E0	1.674140739E1	8.044013023E0	4.459310913E1	4.830658598E1
1.346459439E0	1.303937721E1	4.818564415E0	4.498325729E1	4.708224037E1
1.354694631E0	1.017971611E1	1.351983070E0	4.201042557E1	4.324731592E1
1.362929900E0	9.799544334E0	-3.068121433E0	3.641867447E1	3.783866129E1
1.371163938E0	1.112384415E1	-7.623318672E0	2.976696396E1	3.267915298E1
1.379398285E0	1.236367512E1	-1.154954338E1	2.354414558E1	2.899274402E1
1.387633054E0	1.168023300E1	-1.437754822E1	1.846867752E1	2.615786278E1
1.395867285E0	9.471643448E0	-1.630321503E1	1.534159660E1	2.430784721E1
1.404100669E0	5.888859272E0	-1.751745605E1	1.117021942E1	2.159429860E1
1.412334592E0	2.036726952E0	-1.825356483E1	6.485699654E0	1.947832605E1
1.420569477E0	-1.041729450E0	-1.832505608E1	3.071224213E0	1.860981726E1
1.428804938E0	-3.139858007E0	-1.748698425E1	1.458571434E0	1.782640618E1
1.437040054E0	-4.579078197E0	-1.621987343E1	2.356553078E-1	1.685549716E1
1.445273707E0	-5.373376369E0	-1.530665588E1	-1.480234385E0	1.628981221E1
1.453508554E0	-4.862740040E0	-1.503374672E1	-2.514826059E0	1.599950409E1
1.461742938E0	-2.971189499E0	-1.461636734E1	-3.941939354E0	1.542741220E1
1.469977169E0	-1.919355392E-1	-1.397500420E1	-7.703730583E0	1.595885480E1
1.478211669E0	1.657624483E0	-1.521065235E1	-9.836225510E0	1.818963980E1
1.486445592E0	2.363663435E0	-1.757571030E1	-9.327047348E0	2.003712328E1
1.494678976E0	1.119573593E0	-2.047939682E1	-6.556665897E0	2.153251046E1
1.502920438E0	-7.777771950E-1	-2.351654816E1	-1.613991857E0	2.358469725E1
1.511153399E0	-2.596286297E0	-2.630015182E1	5.412897110E0	2.697662217E1
1.519386476E0	-3.924580097E0	-2.778443718E1	1.057793331E1	2.998783006E1
1.527620976E0	-4.093426228E0	-2.880838776E1	1.367749596E1	3.215203320E1
1.535854669E0	-3.204761028E0	-3.036537552E1	1.444027328E1	3.377644173E1
1.544087515E0	-2.377205372E0	-3.195890236E1	1.333829689E1	3.471214066E1
1.552322169E0	-7.470030785E-1	-3.284835052E1	1.049781227E1	3.449313277E1
1.560558130E0	5.358984470E-1	-3.296941376E1	6.908232689E0	3.368965879E1
1.568793322E0	1.493791819E0	-3.286753845E1	2.521634579E0	3.299795659E1
1.577028515E0	1.551142931E0	-3.207703781E1	-1.340987325E0	3.214250529E1
1.585261822E0	1.392550111E0	-3.127548218E1	-3.477339983E0	3.149899799E1
1.593496822E0	4.857041836E-1	-2.987788391E1	-4.051133633E0	3.015519092E1
1.601731361E0	-2.613104582E-1	-2.893728638E1	-3.383850098E0	2.913563570E1
1.609965784E0	-4.836082458E-3	-2.905234528E1	-2.159883261E0	2.913252281E1
1.618200861E0	1.853194237E0	-2.910316277E1	-8.250672817E-1	2.917377500E1
1.626437361E0	5.146354198E0	-2.821660614E1	1.222591698E-1	2.868234249E1
1.634671822E0	9.364861488E0	-2.645891762E1	1.595154405E0	2.811262118E1
1.642906630E0	1.626155472E1	-2.213389397E1	1.871228218E0	2.752905590E1
1.651140591E0	2.169147873E1	-1.489224243E1	1.238310814E0	2.634070135E1
1.659376091E0	2.596927834E1	-6.217018127E0	1.036220551E0	2.672318253E1
1.667610207E0	2.944728661E1	2.864667892E0	6.025199294E-1	2.959243215E1
1.675843899E0	3.190806961E1	1.145586395E1	7.184580564E-1	3.390984971E1
1.684077322E0	3.526375580E1	1.887528229E1	-3.927648067E-2	3.999762864E1
1.692311014E0	3.813299179E1	2.388509178E1	-1.646907330E-1	4.499610867E1
1.700546591E0	4.030990601E1	2.785524178E1	2.016374826E0	4.903946150E1
1.708781283E0	4.142356491E1	3.052434921E1	5.200804710E0	5.171746315E1
1.717015745E0	4.093372726E1	3.247888184E1	8.517218590E0	5.294327914E1
1.725250206E0	3.916880798E1	3.335103226E1	1.199250221E1	5.282335639E1
1.733485437E0	3.706871033E1	3.198945618E1	1.291970062E1	5.063924620E1
1.741719360E0	3.427778625E1	2.972427368E1	1.258235455E1	4.708306195E1
1.749963014E0	3.070755386E1	2.681081390E1	1.043885803E1	4.208020156E1
1.758198283E0	2.611630249E1	2.319004631E1	5.143087864E0	3.530284488E1
1.766434745E0	2.061873627E1	1.824126816E1	-2.694855690E0	2.766113513E1
1.774669052E0	1.600759888E1	1.484552193E1	-7.372684479E0	2.304320333E1
1.782904552E0	1.308548164E1	1.166264534E1	-9.058827400E0	1.973092699E1
1.791138975E0	1.183599281E1	8.580783844E0	-8.815747261E0	1.707155462E1
1.799373052E0	1.192872810E1	5.118771553E0	-7.223576546E0	1.485518208E1
1.807608552E0	1.257633877E1	1.199132919E0	-4.273105145E0	1.333647795E1
1.815844283E0	1.347467613E1	-2.887538433E0	-1.720060706E-1	1.378166758E1
1.824077552E0	1.417954350E1	-6.829584599E0	4.058883667E0	1.625352934E1
1.832311206E0	1.376031494E1	-1.094973278E1	7.002063751E0	1.892806942E1
1.840543937E0	1.295212936E1	-1.439718151E1	8.095709801E0	2.098992634E1
1.848777937E0	1.200522804E1	-1.759762573E1	8.088725090E0	2.278660583E1
1.857011360E0	1.117507553E1	-2.005100060E1	7.702675343E0	2.421272693E1
1.865245206E0	1.021845245E1	-2.179724884E1	6.345412731E0	2.489580467E1
1.873479667E0	9.943166733E0	-2.282141495E1	4.364987850E0	2.527324007E1
1.881715552E0	1.000995159E1	-2.344206238E1	2.075720310E0	2.557416732E1
1.889949398E0	9.842011452E0	-2.498781204E1	8.267235756E-2	2.685633584E1
1.898186744E0	7.611376286E0	-2.764923286E1	-1.039378047E0	2.869657530E1
1.906423629E0	2.807417393E0	-3.039115906E1	-1.771281481E0	3.057190834E1
1.914659321E0	-3.278457642E0	-3.332046509E1	-1.257116079E0	3.350495514E1
1.922894821E0	-9.807880402E0	-3.550050735E1	7.522551417E-1	3.683811108E1
1.931131359E0	-1.579193115E1	-3.704131699E1	3.906732321E0	4.045623328E1
1.939368667E0	-2.032753181E1	-3.811925125E1	7.038461685E0	4.377014746E1
1.947604167E0	-2.460716248E1	-3.829213715E1	9.713834763E0	4.654201111E1
1.955839321E0	-2.808342552E1	-3.758094788E1	1.192520237E1	4.840678551E1
1.964075282E0	-2.990566635E1	-3.643823242E1	1.323508167E1	4.896183257E1
1.972310475E0	-2.909267998E1	-3.614367294E1	1.270156479E1	4.810487366E1
1.980545859E0	-2.625033951E1	-3.561258698E1	1.055978298E1	4.548456543E1
1.988781090E0	-2.102154160E1	-3.565167999E1	7.054233551E0	4.198463658E1
1.997025398E0	-1.367115021E1	-3.570617676E1	2.608368635E0	3.832277382E1
2.005260667E0	-5.191468239E0	-3.464149857E1	-2.452203274E0	3.511407220E1
2.013495859E0	2.983446121E0	-3.244311523E1	-6.559497356E0	3.323377322E1
2.021731090E0	7.564146042E0	-3.021330643E1	-5.449549198E0	3.161894649E1
2.029965936E0	1.025168896E1	-2.696054459E1	-1.797806978E0	2.889983046E1
2.038199897E0	1.471740532E1	-2.227897263E1	7.942955494E-1	2.671302203E1
2.046432628E0	2.270094299E1	-1.583927917E1	1.615917087E0	2.772772558E1
2.054666859E0	3.317199707E1	-7.933930874E0	1.695038080E0	3.414969697E1
2.062900244E0	4.068341827E1	-4.780864716E-1	2.354666233E0	4.075430704E1
2.071135705E0	4.378880692E1	7.387302399E0	2.897173643E0	4.450197145E1
2.079371743E0	4.394207382E1	1.484247589E1	4.339964867E0	4.658369068E1
2.087606897E0	4.249667358E1	2.063060570E1	5.610642433E0	4.757171918E1
2.095841397E0	4.052581787E1	2.490311813E1	7.848005295E0	4.820890368E1
2.104075743E0	3.886941528E1	2.730982208E1	1.083644295E1	4.872459669E1
2.112309666E0	3.722790909E1	2.911419868E1	1.327111530E1	4.908845365E1
2.120543051E0	3.569353485E1	2.932110977E1	1.369831467E1	4.818090631E1
2.128776859E0	3.408755493E1	2.826357269E1	1.211367989E1	4.590786624E1
2.137010820E0	3.323386383E1	2.700186539E1	1.064087486E1	4.412276802E1
2.145245512E0	3.120820427E1	2.466909790E1	8.981388092E0	4.078212521E1
2.153478705E0	2.803528976E1	2.080915833E1	6.683150768E0	3.554803858E1
2.161712012E0	2.341517639E1	1.638818741E1	3.968051434E0	2.885461149E1
2.169944782E0	1.854245758E1	1.205870819E1	1.813764453E0	2.219290242E1
2.178179320E0	1.427126503E1	7.823721409E0	-4.429056644E-1	1.628114823E1
2.186414435E0	1.248985863E1	4.254649639E0	-2.141870022E0	1.336735648E1
2.194647628E0	1.182503128E1	9.172801971E-1	-2.458666325E0	1.211271265E1
2.202880012E0	1.161524296E1	-2.178997517E0	-1.662421227E0	1.193421734E1
2.211112358E0	1.023423195E1	-5.428781986E0	-8.469541073E-1	1.161587314E1
2.219346128E0	7.358745098E0	-8.920745850E0	-1.273059487E0	1.163406706E1
2.227578897E0	5.399524212E0	-1.192459393E1	-2.030290604E0	1.324661775E1
2.235811435E0	3.297040701E0	-1.561908150E1	-3.123469353E0	1.626598429E1
2.244053166E0	-1.340958714E0	-2.051673508E1	-5.020259380E0	2.116453620E1
2.252287358E0	-7.647943497E0	-2.639777756E1	-6.339084148E0	2.820492311E1
2.260521550E0	-1.540120316E1	-3.247221756E1	-5.583657742E0	3.637058160E1
2.268755820E0	-2.176356888E1	-3.522861862E1	-3.914312840E0	4.159363347E1
2.276990897E0	-2.642340088E1	-3.508554077E1	-1.250421405E0	4.394035547E1
2.285226281E0	-2.932113647E1	-3.358918762E1	9.499304295E-1	4.459669200E1
2.293461089E0	-3.133157730E1	-3.160880661E1	2.632696152E0	4.458380289E1
2.301694896E0	-3.509983063E1	-2.725373650E1	4.911042690E0	4.470886493E1
2.309928127E0	-3.731945801E1	-2.311513329E1	6.543477058E0	4.438319980E1
2.318161127E0	-3.898405457E1	-1.906256104E1	6.767907619E0	4.391972583E1
2.326394704E0	-3.800279617E1	-1.727765274E1	5.259227276E0	4.207599402E1
2.334629012E0	-3.372826767E1	-1.756954956E1	4.614543915E-1	3.803285490E1
2.342864050E0	-2.489990425E1	-1.863160706E1	-8.228872299E0	3.216918327E1
2.351098204E0	-1.616537285E1	-1.890650177E1	-1.645068359E1	2.982281139E1
2.359330858E0	-7.569828033E0	-1.752112579E1	-2.279635048E1	2.973156136E1
2.367563896E0	-2.007508278E-1	-1.505162144E1	-2.688435364E1	3.081168738E1
2.375797627E0	5.622830391E0	-1.292660904E1	-2.625534821E1	2.980028108E1
2.384032204E0	8.305831909E0	-9.879968643E0	-2.000211334E1	2.380514991E1
2.392266627E0	8.534858704E0	-7.479415894E0	-1.170091057E1	1.630020808E1
2.400499396E0	9.728509903E0	-6.409419060E0	-3.613896847E0	1.219773782E1
2.408732511E0	1.204940224E1	-5.370020866E0	2.807898998E0	1.348738355E1
2.416965896E0	1.429518986E1	-3.984681606E0	8.926420212E0	1.731794209E1
2.425199665E0	1.701341248E1	-1.801629066E0	1.593998718E1	2.338343993E1
2.433432088E0	2.036040688E1	-2.092736483E0	1.834321976E1	2.748453065E1
2.441664204E0	2.528073120E1	-3.254062653E0	1.290021229E1	2.856781005E1
2.449896550E0	2.811511993E1	-5.780467033E0	6.536926746E0	2.943815856E1
2.458127742E0	2.664507103E1	-8.604389191E0	2.830002785E0	2.814256988E1
2.466359780E0	2.059418106E1	-1.189849567E1	2.280240059E-1	2.378542595E1
2.474590896E0	1.353880405E1	-1.798260880E1	-5.693581104E-1	2.251660727E1
2.482826165E0	5.098865509E0	-2.200779915E1	1.327079296E0	2.262968829E1
2.491068780E0	-2.870203972E0	-2.415665054E1	3.644713163E0	2.459808469E1
2.499302357E0	-7.508906841E0	-2.597459030E1	4.938043594E0	2.748540154E1
2.507535511E0	-9.014101982E0	-2.772356033E1	4.533013821E0	2.950250915E1
2.515768280E0	-8.022579193E0	-2.843084335E1	3.341577053E0	2.972945960E1
2.524000780E0	-5.706305981E0	-2.727647018E1	2.095037937E0	2.794560677E1
2.532232126E0	-1.772293091E0	-2.567160225E1	8.261203766E-2	2.573283913E1
2.540463857E0	1.530281067E0	-2.340100670E1	-1.212735415E0	2.348232531E1
2.548696511E0	3.270440102E0	-1.989404297E1	-1.256900549E0	2.020021097E1
2.556928588E0	4.140295029E0	-1.599409962E1	-6.051459312E-1	1.653237633E1
2.565161088E0	4.660658836E0	-1.296935177E1	-2.362632751E-2	1.378137817E1
2.573394395E0	5.323914528E0	-1.008357525E1	8.181991577E-1	1.143206042E1
2.581628972E0	5.715725899E0	-7.373738289E0	1.740375042E0	9.490544989E0
2.589863626E0	6.249546051E0	-4.948492050E0	1.940228462E0	8.204199285E0
2.598097665E0	8.318237305E0	-2.401764154E0	6.891603470E-1	8.685417946E0
2.606332165E0	9.920750618E0	2.368894815E-1	-4.628019333E-1	9.934364352E0
2.614565972E0	1.095633030E1	3.115946293E0	-1.460425854E0	1.148403843E1
2.622797703E0	1.186978340E1	5.677091599E0	-2.464887857E0	1.338644087E1
2.631030972E0	1.204662514E1	8.306892395E0	-2.486165762E0	1.484273084E1
2.639264588E0	1.179700279E1	1.133047581E1	-1.546187878E0	1.642984035E1
2.647499164E0	1.158846855E1	1.386878967E1	3.363227844E-2	1.807310326E1
2.655732087E0	1.215058708E1	1.646707153E1	1.979463577E0	2.056014317E1
2.663965818E0	1.330711555E1	1.912132263E1	3.855656624E0	2.361292848E1
2.672199818E0	1.479998207E1	2.159305954E1	4.924948692E0	2.663747002E1
2.680433818E0	1.871686363E1	2.290932846E1	3.003291607E0	2.973513200E1
2.688667433E0	2.224125862E1	2.355521011E1	-1.474008560E-1	3.239665470E1
2.696901357E0	2.343915939E1	2.433320618E1	-1.325150967E0	3.381205615E1
2.705133395E0	2.205223846E1	2.363425064E1	-2.594046116E0	3.242850752E1
2.713364510E0	1.985642624E1	2.205739594E1	-3.620026588E0	2.989834395E1
2.721596510E0	1.605844307E1	1.986610413E1	-4.105196953E0	2.587254006E1
2.729829587E0	1.209840202E1	1.774349213E1	-4.164078712E0	2.187561190E1
2.738070318E0	8.310095787E0	1.571423912E1	-4.764606953E0	1.840370839E1
2.746302972E0	5.763920307E0	1.382892132E1	-5.896822929E0	1.610075659E1
2.754536472E0	4.819955349E0	1.151695442E1	-7.695088863E0	1.466583108E1
2.762770241E0	3.715244293E0	8.357507706E0	-8.916480064E0	1.277319819E1
2.771003472E0	2.594900608E0	6.015029907E0	-8.402503967E0	1.065439660E1
2.779235433E0	1.748271465E0	4.063759804E0	-7.326352119E0	8.558389582E0
2.787468548E0	1.209206104E0	1.194327831E0	-6.317677975E0	6.542297254E0
2.795703087E0	2.990555763E-1	-2.687525272E0	-4.874327183E0	5.574162880E0
2.803937125E0	-8.870158195E-1	-6.822135925E0	-2.279896259E0	7.247500438E0
2.812169895E0	-1.481828213E0	-1.093447018E1	6.835966110E-1	1.105557584E1
2.820403125E0	-2.097239971E0	-1.504610348E1	4.192737579E0	1.575952708E1
2.828634894E0	-2.506024837E0	-1.866780281E1	6.712572098E0	1.999564069E1
2.836867048E0	2.098565102E-1	-2.383613396E1	6.925152302E0	2.482263193E1
2.845100317E0	8.487083435E0	-3.457634354E1	4.001462936E0	3.582688688E1
2.853334625E0	9.564352036E0	-4.284415436E1	4.146330833E0	4.409410904E1
2.861569279E0	3.551481247E0	-4.503818893E1	7.367401600E0	4.577477567E1
2.869802510E0	-4.791867256E0	-4.386515045E1	1.150164986E1	4.560045357E1
2.878035933E0	-1.378469276E1	-3.861069107E1	1.512762737E1	4.369952322E1
2.886270663E0	-1.967704773E1	-3.229904175E1	1.590056133E1	4.102733425E1
2.894505971E0	-1.871790314E1	-2.962424850E1	1.267073059E1	3.726262754E1
2.902741394E0	-1.430284691E1	-2.771059418E1	7.174353123E0	3.199874688E1
2.910977125E0	-7.900361538E0	-2.545738411E1	9.519982338E-1	2.667209063E1
2.919211240E0	-2.360140324E0	-2.226353645E1	-4.644733906E0	2.286501412E1
2.927445586E0	2.078675270E0	-1.796062088E1	-8.278032303E0	1.988543719E1
2.935679894E0	3.723229408E0	-1.338532066E1	-7.866289616E0	1.596583098E1
2.943913086E0	3.601937294E0	-9.210803032E0	-4.757507324E0	1.097482213E1
2.952148317E0	2.544127941E0	-5.386508465E0	-5.672931671E-2	5.957371789E0
2.960381163E0	1.606173515E0	-1.521693707E0	3.971331120E0	4.546076986E0
2.968615355E0	1.768904209E0	2.889584303E0	6.171810627E0	7.040594148E0
2.976849971E0	5.030026436E0	6.386573315E0	4.699280739E0	9.390033233E0
2.985094471E0	1.207925987E1	9.099309921E0	-2.098196507E0	1.526788750E1
2.993331586E0	1.943004608E1	1.206281662E1	-9.693085670E0	2.483936685E1
3.001567509E0	2.474051857E1	1.628532982E1	-1.509101295E1	3.324220057E1
3.009803663E0	2.779248428E1	2.120183754E1	-1.659006119E1	3.869328402E1
3.018039471E0	2.827005768E1	2.506344223E1	-1.467609406E1	4.053097623E1
3.026275548E0	2.668146706E1	2.720999527E1	-1.134379578E1	3.976136604E1
3.034511317E0	2.438400650E1	2.764409256E1	-8.906564713E0	3.792232221E1
3.042745740E0	2.244245338E1	2.657011986E1	-8.917133331E0	3.590473855E1
3.050981278E0	2.079555702E1	2.427843666E1	-9.765270233E0	3.342541221E1
3.059216355E0	1.894380188E1	2.128221512E1	-1.089604378E1	3.050449278E1
3.067452163E0	1.621897507E1	1.666693306E1	-1.237432289E1	2.634322829E1
3.075685817E0	1.184501266E1	1.171076965E1	-1.316187668E1	2.122925926E1
3.083921855E0	7.282761097E0	8.635930061E0	-1.321127319E1	1.738262456E1
3.092157624E0	3.079975128E0	6.008914948E0	-1.305224419E1	1.469538648E1
3.100392893E0	2.025518417E-1	3.484598637E0	-1.297198582E1	1.343338643E1
3.108628547E0	-2.224662781E0	1.058866382E0	-1.215257835E1	1.239981787E1
3.116863701E0	-3.805093050E0	-8.904246092E-1	-1.076326370E1	1.145073948E1
3.125097701E0	-4.540927887E0	-2.522201777E0	-9.213224411E0	1.057662668E1
3.133332893E0	-4.083629608E0	-5.251914501E0	-6.879726887E0	9.570228772E0
3.141568239E0	-3.261892557E0	-8.837054253E0	-4.006295204E0	1.023639938E1
3.149802855E0	-2.327148438E0	-1.368892193E1	-7.038674355E-1	1.390315190E1
3.158037355E0	-1.338326931E0	-2.060683632E1	3.302180767E0	2.091260911E1
3.166271355E0	-7.182445526E-1	-2.798414803E1	8.730381012E0	2.932316437E1
3.174504047E0	-1.874876022E-1	-3.317704773E1	1.471310997E1	3.629362551E1
3.182738432E0	4.823603630E-1	-3.770001602E1	2.219651985E1	4.375167852E1
3.190972932E0	-2.139484882E0	-3.821211243E1	2.871403885E1	4.784599209E1
3.199206893E0	-7.126860619E0	-3.483505630E1	3.251414490E1	4.818135437E1
3.207440739E0	-9.719119072E0	-3.201534653E1	3.255786133E1	4.668466582E1
3.215673931E0	-1.036703491E1	-2.924277687E1	2.927266693E1	4.265564958E1
3.223909316E0	-8.167268753E0	-2.694969940E1	2.146471024E1	3.540797032E1
3.232152816E0	-6.641379833E0	-2.334590530E1	1.239307404E1	2.725302744E1
3.240386662E0	-3.238072395E0	-1.984546471E1	4.372720718E0	2.057785870E1
3.248621662E0	-6.799650192E-1	-1.521889305E1	-7.394289970E-1	1.525201014E1
3.256857008E0	1.793441772E-1	-9.652646065E0	-2.711454153E0	1.002784743E1
3.265091931E0	1.204352379E0	-4.756456852E0	-2.089534760E0	5.332963712E0
3.273327239E0	2.961782455E0	-1.620177865E0	-1.252303600E0	3.600749357E0
3.281561893E0	5.611925125E0	1.720714331E0	-1.067831993E0	5.966140007E0
3.289797547E0	9.409744263E0	5.339426041E0	-2.500212193E0	1.110422526E1
3.298032662E0	1.419613934E1	8.342992783E0	-5.804872036E0	1.745945131E1
3.306266316E0	2.067554474E1	1.141832352E1	-1.051722622E1	2.585475410E1
3.314501085E0	2.623456192E1	1.476708984E1	-1.399871826E1	3.320065202E1
3.322735123E0	2.969854736E1	1.789317513E1	-1.607350922E1	3.821684354E1
3.330966662E0	3.101017380E1	1.997608566E1	-1.659546661E1	4.044854002E1
3.339197969E0	3.134159851E1	2.113618851E1	-1.602532959E1	4.105904834E1
3.347430316E0	3.114578438E1	2.139358139E1	-1.522611237E1	4.073793941E1
3.355663316E0	3.036948013E1	2.000854683E1	-1.463831329E1	3.920366674E1
3.363896162E0	2.813991356E1	1.731739044E1	-1.381509876E1	3.581345698E1
3.372129046E0	2.497037697E1	1.382644272E1	-1.338820648E1	3.152672385E1
3.380362008E0	2.192677689E1	1.044166279E1	-1.286560631E1	2.748337119E1
3.388595431E0	1.881896973E1	6.270071030E0	-1.260126114E1	2.350019563E1
3.396829354E0	1.619742966E1	2.299296856E0	-1.187655354E1	2.021623153E1
3.405062892E0	1.335917473E1	-9.886093140E-1	-1.084267998E1	1.723393765E1
3.413297046E0	1.124877453E1	-3.696267843E0	-9.537643433E0	1.520407730E1
3.421530200E0	9.753583908E0	-6.095474243E0	-8.480414391E0	1.429001867E1
3.429763738E0	7.840605736E0	-8.884579659E0	-7.741589069E0	1.415425926E1
3.437997508E0	5.689629078E0	-1.165397930E1	-7.387485981E0	1.492521563E1
3.446231354E0	4.075527668E0	-1.459150410E1	-6.942353725E0	1.666487902E1
3.454465392E0	2.426583767E0	-1.822797585E1	-4.259613991E0	1.887569134E1
3.462699700E0	1.282521486E0	-2.238306046E1	2.940187454E-1	2.242170162E1
3.470933354E0	2.728121281E-1	-2.763158798E1	5.540691376E0	2.818294416E1
3.479176738E0	-1.646453977E0	-3.164777946E1	9.675372124E0	3.313465831E1
3.487411123E0	-4.368032932E0	-3.500478745E1	1.293024540E1	3.757134682E1
3.495644200E0	-7.931943893E0	-3.746551895E1	1.616734695E1	4.156878579E1
3.503878661E0	-1.203249073E1	-3.858491135E1	1.872636032E1	4.454495244E1
3.512113815E0	-1.711549759E1	-3.754363251E1	1.983337402E1	4.578020669E1
3.520347623E0	-2.128786659E1	-3.553001404E1	1.872640610E1	4.545584063E1
3.528580238E0	-2.396015930E1	-3.370621490E1	1.590063286E1	4.430607500E1
3.536814199E0	-2.577651405E1	-3.103636932E1	1.255737686E1	4.225366980E1
3.545049969E0	-2.605454826E1	-2.837766838E1	8.792706490E0	3.951510136E1
3.553285392E0	-2.482612419E1	-2.566002464E1	4.035397530E0	3.593129194E1
3.561519776E0	-2.266160774E1	-2.309082413E1	-3.554592133E-1	3.235523104E1
3.569754545E0	-1.862241936E1	-2.095596313E1	-3.821957588E0	2.829406746E1
3.577988584E0	-1.378067970E1	-1.880583191E1	-6.409851551E0	2.417959147E1
3.586222199E0	-9.033953667E0	-1.554247475E1	-7.249977112E0	1.938409163E1
3.594455468E0	-2.645518064E0	-1.131908035E1	-7.247863770E0	1.369860851E1
3.602691468E0	2.708577633E0	-7.306680202E0	-6.408706188E0	1.008937478E1
3.610927507E0	7.941274166E0	-3.373034000E0	-5.058237553E0	1.000134795E1
3.619163891E0	1.525837898E1	1.044707298E-1	-5.624056339E0	1.626219705E1
3.627400122E0	2.197064209E1	3.889044285E0	-6.754009724E0	2.331202322E1
3.635635353E0	2.864675903E1	8.561933517E0	-5.524858475E0	3.040505829E1
3.643870622E0	3.218961716E1	1.213011074E1	-2.396182537E0	3.448264390E1
3.652106276E0	3.335774231E1	1.512902927E1	2.771739960E0	3.673294218E1
3.660340737E0	3.387376785E1	1.706802750E1	8.260021210E0	3.881981017E1
3.668574853E0	3.387779999E1	1.834874344E1	1.285319710E1	4.061510056E1
3.676810545E0	3.457881546E1	1.863597298E1	1.637892151E1	4.255893604E1
3.685046160E0	3.518001175E1	1.783620262E1	1.757543945E1	4.318170241E1
3.693281391E0	3.462947464E1	1.634038925E1	1.739681244E1	4.205779259E1
3.701516814E0	3.263805771E1	1.390941811E1	1.610455322E1	3.896243521E1
3.709753199E0	2.950113678E1	1.037997723E1	1.391056538E1	3.422812919E1
3.717988891E0	2.514633942E1	5.901849747E0	1.044557285E1	2.786180555E1
3.726233737E0	2.082198906E1	1.972144961E0	7.495431900E0	2.221769753E1
3.734469968E0	1.655261993E1	-1.984329581E0	5.064177513E0	1.742333735E1
3.742704776E0	1.242783451E1	-5.204507828E0	2.682678223E0	1.373807610E1
3.750939391E0	8.602868080E0	-7.597044468E0	-1.825952530E-1	1.147857852E1
3.759173814E0	4.386801720E0	-1.010793018E1	-3.634159088E0	1.160264600E1
3.767409352E0	5.514310598E-1	-1.224298477E1	-6.467198372E0	1.385710674E1
3.775645160E0	-1.346483707E0	-1.505849171E1	-1.023693275E1	1.825831271E1
3.783881468E0	-3.345367432E0	-1.798056602E1	-1.205160618E1	2.190281830E1
3.792117198E0	-5.548510551E0	-2.101215744E1	-1.075920105E1	2.424988942E1
3.800353814E0	-9.745596886E0	-2.481650925E1	-6.966938972E0	2.755674198E1
3.808590622E0	-1.368410301E1	-2.845843697E1	-1.657472610E0	3.162095073E1
3.816826775E0	-1.701026726E1	-3.185015297E1	2.777934074E0	3.621461520E1
3.825063852E0	-1.966433907E1	-3.360337067E1	5.760527611E0	3.935805419E1
3.833298775E0	-2.200751305E1	-3.489577484E1	7.594984055E0	4.194913009E1
3.841533621E0	-2.482229614E1	-3.594398117E1	8.245025635E0	4.445330827E1
3.849767967E0	-2.719864273E1	-3.495372772E1	7.945213318E0	4.499617387E1
3.858001583E0	-2.894165611E1	-3.253297806E1	6.147964478E0	4.397512464E1
3.866236314E0	-2.833123398E1	-3.027860260E1	2.441111565E0	4.153807434E1
3.874471083E0	-2.566215515E1	-2.730246925E1	-2.172741890E0	3.753254377E1
3.882705121E0	-2.143450356E1	-2.306562996E1	-5.657946587E0	3.199177375E1
3.890939929E0	-1.669858360E1	-1.936283875E1	-6.863216400E0	2.647387312E1
3.899175506E0	-8.618821144E0	-1.644346046E1	-7.679022789E0	2.009076556E1
3.907410429E0	1.265267134E0	-1.313395500E1	-8.397632599E0	1.564039348E1
3.915645467E0	1.196034145E1	-8.565387726E0	-8.773046494E0	1.712839687E1
3.923881275E0	2.113767242E1	-1.103768587E0	-9.738229752E0	2.329919783E1
3.932117044E0	2.485398865E1	6.356712818E0	-1.081763554E1	2.784151196E1
3.940353083E0	2.571598625E1	1.032111931E1	-8.308381081E0	2.892864755E1
3.948590159E0	2.539065933E1	1.149853897E1	-1.430593014E0	2.790965023E1
3.956826198E0	2.318846130E1	1.242499828E1	5.927356720E0	2.696699608E1
3.965062852E0	2.076873398E1	1.263853455E1	1.454999638E1	2.833328892E1
3.973308929E0	1.910093307E1	1.114060402E1	2.066206360E1	3.026350235E1
3.981544775E0	1.777898026E1	8.466935158E0	2.248822021E1	2.989149007E1
3.989781005E0	1.840759468E1	6.197943687E0	1.909746552E1	2.723907555E1
3.998016121E0	1.862576675E1	5.080099106E0	1.268865299E1	2.310256498E1
4.006250467E0	1.569516850E1	4.636741161E0	7.768996239E0	1.811615261E1
4.014485851E0	1.133832455E1	3.678121090E0	3.661210060E0	1.246958850E1
4.022720121E0	6.888648033E0	2.211783409E0	-5.909996033E-1	7.259114140E0
4.030955890E0	1.573451996E0	1.203573227E0	-2.024440765E0	2.832437132E0
4.039190967E0	-2.623782396E0	8.742618561E-2	-2.395284653E0	3.553767855E0
4.047427198E0	-4.663940430E0	-2.177495480E0	-2.753642559E0	5.837497258E0
4.055662390E0	-5.350702286E0	-3.910551310E0	-1.722986221E0	6.847708231E0
4.063898736E0	-5.523979664E0	-4.751435757E0	-2.858524323E-1	7.291927365E0
4.072134813E0	-5.641325951E0	-5.105704784E0	6.472911835E-1	7.636214095E0
4.080370736E0	-5.397287846E0	-5.411669731E0	1.248572350E0	7.744405612E0
4.088607428E0	-5.308758259E0	-5.465684891E0	1.501687050E0	7.766060106E0
4.096844005E0	-5.022892475E0	-5.159318924E0	1.647944450E0	7.386727387E0
4.105080120E0	-4.706884384E0	-4.664835930E0	1.739076614E0	6.851265746E0
4.113315082E0	-4.241722107E0	-4.051369190E0	1.215075493E0	5.990175891E0
4.121549390E0	-3.775042772E0	-3.237896681E0	4.772329330E-1	4.996266018E0
4.129785120E0	-3.281066656E0	-2.454228878E0	1.243209839E-2	4.097412884E0
4.138020543E0	-2.716080427E0	-2.119530201E0	-2.339859009E-1	3.453150816E0
4.146255389E0	-2.275870323E0	-1.883741617E0	-1.927647591E-1	2.960612514E0
4.154490889E0	-2.019671917E0	-1.565464973E0	-4.913005829E-1	2.602139792E0
4.162726159E0	-1.874305964E0	-1.389443874E0	-8.617691994E-1	2.487211949E0
4.170961082E0	-1.628453135E0	-1.217124462E0	-1.151478767E0	2.336483452E0
4.179195235E0	-9.434380531E-1	-1.070777416E0	-1.044593334E0	1.768562939E0
4.187429851E0	-9.970521927E-2	-8.341035843E-1	-6.256723404E-1	1.047442503E0
4.195663274E0	6.699275970E-1	-5.486249924E-1	-1.261658669E-1	8.750486806E-1
4.203896658E0	1.268154144E0	-2.585997581E-1	3.750653267E-1	1.347502419E0
4.212132351E0	1.584471941E0	6.532096863E-2	5.985631943E-1	1.695020961E0
4.220376543E0	1.358164310E0	3.737649918E-1	3.919105530E-1	1.462157462E0
4.228612120E0	8.411481380E-1	7.129268646E-1	-2.590551376E-1	1.132653729E0
4.236848158E0	7.651716471E-2	1.508133888E0	-1.788392544E0	2.340656017E0
4.245081735E0	-1.104764223E0	2.591192245E0	-4.813649178E0	5.577275289E0
4.253315197E0	-2.619177341E0	4.011584282E0	-1.028242970E1	1.134377622E1
4.261548658E0	-2.824604511E0	4.889469147E0	-1.574715042E1	1.672895829E1
4.269782197E0	-3.368793964E0	5.116408348E0	-1.910799789E1	2.006594106E1
4.278016389E0	-4.746831417E0	4.239390373E0	-2.060363388E1	2.156419645E1
4.286250620E0	-1.770193338E0	3.505578518E0	-2.250259972E1	2.284271567E1
4.294484081E0	-1.044263840E0	4.359108448E0	-2.383639336E1	2.425419472E1
4.302718197E0	-9.494816065E-1	3.389852524E0	-2.419982147E1	2.445452872E1
4.310952658E0	4.343511462E-1	7.364172935E-1	-2.175552750E1	2.177232068E1
4.319188120E0	2.292874336E0	-1.356848478E0	-1.372443581E1	1.398064550E1
4.327423889E0	4.488875866E0	-2.117979765E0	-4.830698967E0	6.926145922E0
4.335660504E0	6.880539894E0	-4.282573700E0	2.820091248E-1	8.109364702E0
4.343896196E0	1.098950291E1	-7.598153114E0	8.157549858E0	1.565396833E1
4.352130812E0	1.185429764E1	-1.002865410E1	1.234217644E1	1.983500932E1
4.360365966E0	1.064785385E1	-1.226386738E1	1.644383621E1	2.311231239E1
4.368601889E0	8.862167358E0	-1.402003098E1	1.984664154E1	2.586481122E1
4.376837965E0	7.434055805E0	-1.564888573E1	2.360097313E1	2.927727349E1
4.385075158E0	6.079959869E0	-1.667930222E1	2.761173248E1	3.282640408E1
4.393312158E0	5.084127903E0	-1.643779564E1	2.923567390E1	3.392306163E1
4.401547542E0	3.872164011E0	-1.600011444E1	2.807119751E1	3.254211803E1
4.409783658E0	2.363071680E0	-1.449021149E1	2.461418533E1	2.866022429E1
4.418019350E0	1.671807528E0	-1.293020439E1	2.020409393E1	2.404559290E1
4.426255158E0	8.521144390E-1	-1.188937187E1	1.501237679E1	1.916910846E1
4.434490081E0	-3.118183613E-1	-1.078130341E1	1.139086914E1	1.568711680E1
4.442727504E0	-1.500298738E0	-9.454977036E0	8.615095139E0	1.287894993E1
4.450965350E0	-2.424095869E0	-8.687207222E0	6.310438156E0	1.100751742E1
4.459202581E0	-3.241823435E0	-8.174202919E0	4.229166031E0	9.757707613E0
4.467448311E0	-4.390013695E0	-7.292609215E0	1.062653542E0	8.578088479E0
4.475686157E0	-4.901569366E0	-6.249053001E0	-2.400153637E0	8.296793546E0
4.483925119E0	-4.919273853E0	-5.035082817E0	-5.832699776E0	9.141755898E0
4.492162811E0	-4.358681679E0	-3.440800190E0	-8.359458923E0	1.003582410E1
4.500399580E0	-3.002545595E0	-7.078492641E-1	-1.071310329E1	1.114840405E1
4.508635811E0	-1.107273579E0	2.074414730E0	-1.259399509E1	1.281163392E1
4.516871696E0	1.847311020E0	4.731549740E0	-1.369713879E1	1.460861841E1
4.525107696E0	5.139796257E0	7.494939327E0	-1.419004059E1	1.685078256E1
4.533345503E0	8.414477348E0	1.045404816E1	-1.422809410E1	1.955835406E1
4.541581234E0	1.208559799E1	1.356449318E1	-1.391482162E1	2.288404280E1
4.549816888E0	1.488906765E1	1.573141670E1	-1.326940250E1	2.540155211E1
4.558054042E0	1.752975082E1	1.750574684E1	-1.282359505E1	2.789601990E1
4.566292042E0	1.945645523E1	1.914982796E1	-1.331305885E1	3.037280193E1
4.574530272E0	2.105888557E1	1.997673416E1	-1.434829712E1	3.237931747E1
4.582767234E0	2.186761856E1	1.946147156E1	-1.518633270E1	3.297827039E1
4.591005157E0	2.096116638E1	1.779109764E1	-1.513819504E1	3.138564322E1
4.599241618E0	1.864458656E1	1.504492188E1	-1.405506134E1	2.777615941E1
4.607477888E0	1.537350845E1	1.131843853E1	-1.289160252E1	2.303573807E1
4.615715272E0	1.130810833E1	7.541140556E0	-1.153542805E1	1.782717631E1
4.623953772E0	6.818652153E0	3.916007757E0	-1.074433327E1	1.331427171E1
4.632191888E0	4.142935276E0	5.346336365E-1	-9.234021187E0	1.013493429E1
4.640430349E0	2.461042166E0	-3.140411139E0	-5.984863758E0	7.192878761E0
4.648668157E0	1.122475386E0	-6.828772545E0	-2.263783932E0	7.281263843E0
4.656905272E0	1.710996628E-1	-1.124328232E1	2.237352371E0	1.146500842E1
4.665140387E0	-8.154143095E-1	-1.828915787E1	8.763426781E0	2.029669542E1
4.673376618E0	-1.419350028E0	-2.647090149E1	1.521718597E1	3.056609117E1
4.681648580E0	-2.562931061E0	-3.672116089E1	2.276605797E1	4.328170131E1
4.689885580E0	-6.574134350E0	-4.309622192E1	3.032150650E1	5.310270561E1
4.698122349E0	-1.342952538E1	-4.358097458E1	3.656016541E1	5.844911626E1
4.706358772E0	-2.085811996E1	-4.084909821E1	3.886661530E1	6.011924631E1
4.714603849E0	-2.426841736E1	-3.821968842E1	3.436891937E1	5.684121113E1
4.722838810E0	-2.325070190E1	-3.572428131E1	2.462667084E1	4.922694720E1
4.731073733E0	-1.975218391E1	-3.195505905E1	1.286555481E1	3.970890415E1
4.739310118E0	-1.554649353E1	-2.672546196E1	2.045084953E0	3.098590245E1
4.747546849E0	-1.048754787E1	-2.003610992E1	-5.680447102E0	2.331741496E1
4.755782003E0	-5.851455212E0	-1.345658779E1	-8.583950043E0	1.700010239E1
4.764017541E0	-8.097553253E-1	-6.904095650E0	-8.384226799E0	1.089116612E1
4.772253964E0	4.306446075E0	-1.510426402E0	-7.186758041E0	8.513304697E0
4.780490041E0	9.545678139E0	2.916498184E0	-5.578827858E0	1.143456396E1
4.788726425E0	1.573295784E1	8.118486404E0	-4.120310783E0	1.817725900E1
4.796962195E0	2.250166321E1	1.280417061E1	-4.319778442E0	2.624751641E1
4.805196810E0	2.984852028E1	1.756897163E1	-5.776690483E0	3.511371641E1
4.813432002E0	3.614198685E1	2.149173546E1	-5.407466888E0	4.239550217E1
4.821667810E0	3.992593002E1	2.486856079E1	-4.773656845E0	4.727909690E1
4.829904195E0	4.063844681E1	2.676127625E1	-5.231021881E0	4.893886855E1
4.838141079E0	3.849073792E1	2.563837051E1	-6.529857159E0	4.670655181E1
4.846377079E0	3.437099457E1	2.344227409E1	-7.536766529E0	4.228130003E1
4.854613925E0	2.971133232E1	1.999904060E1	-8.228454590E0	3.674822932E1
4.862848348E0	2.449469757E1	1.591186523E1	-8.596925735E0	3.044806720E1
4.871082656E0	1.847181511E1	1.065754509E1	-7.787611485E0	2.270326218E1
4.879317079E0	1.356083298E1	5.799894810E0	-6.182645321E0	1.599250056E1
4.887551540E0	9.078885078E0	1.122641087E0	-5.511834145E0	1.068020566E1
4.895785233E0	4.529619694E0	-3.803696632E0	-5.646461487E0	8.177291114E0
4.904020194E0	6.856627464E-1	-8.128182411E0	-4.690530300E0	9.409492930E0
4.912257656E0	-3.333956242E0	-1.295069408E1	-2.628952026E0	1.362890789E1
4.920493233E0	-5.951101303E0	-1.847933006E1	1.262378693E-1	1.941435506E1
4.928729540E0	-8.055478096E0	-2.478140640E1	4.117240906E0	2.638106335E1
4.936964810E0	-9.298663139E0	-3.213220596E1	9.863262177E0	3.487445680E1
4.945200194E0	-1.128616524E1	-3.932384109E1	1.702946091E1	4.431415737E1
4.953435925E0	-1.637930679E1	-4.132287979E1	2.528411674E1	5.113852408E1
4.961680425E0	-2.121510315E1	-3.934375763E1	2.911332703E1	5.334414379E1
4.969916309E0	-2.382208824E1	-3.638573456E1	2.784877777E1	5.164269543E1
4.978151002E0	-2.355290604E1	-3.290199661E1	2.230006027E1	4.620144426E1
4.986385502E0	-2.072009659E1	-2.875600243E1	1.426603317E1	3.820667194E1
4.994619348E0	-1.641159058E1	-2.270381165E1	4.520902634E0	2.837678504E1
5.002852502E0	-1.032781124E1	-1.629239845E1	-1.875188828E0	1.938097690E1
5.011086578E0	-3.564839602E0	-8.883411407E0	-6.255851746E0	1.143497970E1
5.019320655E0	3.405052900E0	-1.610579252E0	-7.681433201E0	8.555277132E0
5.027555078E0	1.042647266E1	4.938592434E0	-6.949078560E0	1.346813722E1
5.035791078E0	1.762488556E1	1.144171047E1	-5.271586418E0	2.166423211E1
5.044026540E0	2.303517151E1	1.661352539E1	-4.287885189E0	2.872306237E1
5.052261540E0	2.757177544E1	2.101068497E1	-4.337959290E0	3.493521968E1
5.060496578E0	3.082842445E1	2.439582443E1	-3.249039173E0	3.944748737E1
5.068731655E0	3.340539169E1	2.727500916E1	-2.569456577E0	4.320241227E1
5.076966617E0	3.476085663E1	2.958123779E1	-2.794792175E0	4.572939587E1
5.085201886E0	3.422395706E1	2.953855515E1	-3.328973770E0	4.533086745E1
5.093436617E0	3.204186630E1	2.736659050E1	-4.243532658E0	4.235113979E1
5.101671501E0	2.889511108E1	2.392231560E1	-5.175622940E0	3.786808288E1
5.109907924E0	2.483798981E1	1.900365829E1	-5.166196346E0	3.169786035E1
5.118144232E0	2.120987892E1	1.104779243E1	-1.158439636E0	2.394273719E1
5.126380386E0	1.769737434E1	2.614529848E0	4.209465981E0	1.837804203E1
5.134615463E0	1.242609215E1	-6.987273693E0	1.059189796E1	1.776001301E1
5.142851424E0	7.839271545E0	-1.778680229E1	1.688393402E1	2.574668410E1
5.151088309E0	3.287848473E0	-2.803564835E1	2.211202621E1	3.585734554E1
5.159324809E0	-2.510609150E0	-3.625175476E1	2.622451401E1	4.481314558E1
5.167560732E0	-8.439324379E0	-4.010060883E1	2.616398621E1	4.861928834E1
5.175795386E0	-1.464233780E1	-4.130849457E1	2.237424278E1	4.920768761E1
5.184028770E0	-1.993267822E1	-4.194107056E1	1.549461746E1	4.895353134E1
5.192262809E0	-2.386110306E1	-4.127482605E1	7.172241211E0	4.821207887E1
5.200497578E0	-2.551806641E1	-3.927789688E1	-6.979665756E-1	4.684455202E1
5.208743924E0	-2.480798912E1	-3.626842499E1	-8.010966301E0	4.466554104E1
5.216981501E0	-2.298102570E1	-3.265393829E1	-1.391743469E1	4.228595768E1
5.225218308E0	-1.979131126E1	-2.943526459E1	-1.876041794E1	4.012585306E1
5.233456578E0	-1.700897598E1	-2.563700485E1	-2.166166687E1	3.762697295E1
5.241694578E0	-1.443926907E1	-2.161617661E1	-2.211139679E1	3.412719517E1
5.249932731E0	-1.193410110E1	-1.776231003E1	-2.038461113E1	2.955426869E1
5.258168885E0	-7.636027336E0	-1.401851845E1	-1.755148315E1	2.372514139E1
5.266404539E0	-8.712141514E-1	-1.016122627E1	-1.326629066E1	1.673332010E1
5.274640347E0	6.431077957E0	-5.104143143E0	-9.115606308E0	1.226806094E1
5.282876385E0	1.501837444E1	1.629665375E0	-4.347640991E0	1.571971254E1
5.291112231E0	2.336526489E1	8.681688309E0	-2.448928356E0	2.504604890E1
5.299348270E0	2.939450455E1	1.623043251E1	-1.485488892E0	3.361057147E1
5.307586116E0	3.365297318E1	2.151124954E1	-4.015498161E-1	3.994268021E1
5.315822500E0	3.622157669E1	2.469979095E1	1.789156914E0	4.387805116E1
5.324059539E0	3.641136169E1	2.618853378E1	6.827090263E0	4.536778288E1
5.332296731E0	3.588307571E1	2.470675850E1	1.203355408E1	4.519762673E1
5.340534077E0	3.356641388E1	2.181770134E1	1.679557800E1	4.341437173E1
5.348772346E0	3.050515747E1	1.845991516E1	1.972369957E1	4.074748366E1
5.357009500E0	2.749604034E1	1.489198685E1	2.049084854E1	3.738553705E1
5.365245423E0	2.402053452E1	1.004978371E1	1.851197243E1	3.194804148E1
5.373482808E0	2.066749382E1	5.321380615E0	1.630948448E1	2.686003865E1
5.381719692E0	1.698133087E1	7.699761391E-1	1.548991776E1	2.299773931E1
5.389956192E0	1.347440434E1	-4.304134846E0	1.549255562E1	2.097866603E1
5.398193385E0	1.054586601E1	-1.013057613E1	1.441156006E1	2.053136445E1
5.406430231E0	7.438065052E0	-1.823273468E1	1.162516785E1	2.286704951E1
5.414667692E0	2.028094530E0	-2.674082947E1	6.751990795E0	2.765455673E1
5.422905192E0	-7.386703014E0	-3.291245651E1	-7.721238136E-1	3.374002594E1
5.431141269E0	-1.873826981E1	-3.513888931E1	-7.982440472E0	4.061506683E1
5.439377500E0	-2.924890900E1	-3.564925766E1	-1.587924767E1	4.877006003E1
5.447614769E0	-3.742607880E1	-3.512124252E1	-2.464965820E1	5.693697129E1
5.455862077E0	-3.925528336E1	-3.345741653E1	-2.977081299E1	5.955398642E1
5.464146731E0	-3.649044037E1	-3.141111374E1	-3.272197723E1	5.821458665E1
5.472381846E0	-3.067177582E1	-2.879963684E1	-3.261298752E1	5.323329662E1
5.480615731E0	-2.273860168E1	-2.512671661E1	-2.978110504E1	4.511441135E1
5.488852038E0	-1.204799747E1	-1.931645775E1	-2.418626976E1	3.321528907E1
5.497088769E0	-2.176375866E0	-1.285832119E1	-1.773093796E1	2.201043381E1
5.505325500E0	7.046512127E0	-6.906547546E0	-1.118079758E1	1.491187334E1
5.513560538E0	1.520207500E1	-1.440153599E0	-5.380449295E0	1.619031690E1
5.521795153E0	2.111895752E1	4.320136070E0	-1.005712032E0	2.157974511E1
5.530030653E0	2.471545601E1	1.037055588E1	1.253963947E0	2.683234281E1
5.538264615E0	2.435651016E1	1.457110786E1	2.002162933E0	2.845286327E1
5.546500076E0	2.326618004E1	1.583106613E1	6.005477905E-2	2.814145332E1
5.554736538E0	2.216895103E1	1.544058895E1	-4.266638756E-1	2.701955254E1
5.563011923E0	2.021664619E1	1.416559505E1	2.748574734E0	2.483810640E1
5.571246653E0	1.769235802E1	1.162918854E1	7.082411766E0	2.232527972E1
5.579483230E0	1.440627289E1	8.945381165E0	1.133011436E1	2.039441184E1
5.587719769E0	1.063989067E1	5.929764748E0	1.461097050E1	1.902235112E1
5.595956422E0	6.385770798E0	3.078548431E0	1.586630249E1	1.737800575E1
5.604193307E0	2.571711540E0	1.854658127E-1	1.648860931E1	1.668898843E1
5.612429461E0	-9.250056744E-1	-2.047986507E0	1.724815369E1	1.739392681E1
5.620663307E0	-2.931997299E0	-3.371393681E0	1.630522156E1	1.690630514E1
5.628897038E0	-4.026590347E0	-4.430946350E0	1.420315552E1	1.541351167E1
5.637131615E0	-4.705450535E0	-4.872654915E0	1.104749012E1	1.295882204E1
5.645366345E0	-5.323518753E0	-4.804083824E0	7.220818996E0	1.017640901E1
5.653603114E0	-5.279657364E0	-4.381790161E0	2.311289787E0	7.239953548E0
5.661840653E0	-4.890502453E0	-3.534559965E0	-2.178468704E0	6.415282869E0
5.670075845E0	-4.136437893E0	-2.511588097E0	-5.931937218E0	7.655460297E0
5.678309037E0	-3.461848736E0	-1.593191147E0	-8.497012138E0	9.312457784E0
5.686544422E0	-2.720871687E0	-9.579586983E-1	-9.165831566E0	9.609021589E0
5.694780191E0	-2.106433868E0	-3.940792084E-1	-8.065097809E0	8.344948456E0
5.703023807E0	-1.560120225E0	-3.411049843E-1	-6.269469738E0	6.469666029E0
5.711259153E0	-1.270232081E0	-4.977793694E-1	-4.395823002E0	4.602665935E0
5.719495845E0	-1.168402076E0	-6.881732941E-1	-2.632304192E0	2.961042257E0
5.727732383E0	-1.095442176E0	-8.348755836E-1	-9.467186928E-1	1.671312982E0
5.735968883E0	-1.160020590E0	-7.806062698E-1	4.733796120E-1	1.476171458E0
5.744204922E0	-1.067599773E0	-6.036720276E-1	1.227453709E0	1.735174861E0
5.752442345E0	-8.949832916E-1	-3.337240219E-1	1.272674084E0	1.591246725E0
5.760680729E0	-9.345921278E-1	-2.073764801E-3	4.066710472E-1	1.019238974E0
5.768918537E0	-1.079913735E0	3.209180832E-1	-7.044191360E-1	1.328686724E0
5.777154383E0	-1.164684772E0	6.387443542E-1	-1.703406811E0	2.160111046E0
5.785390922E0	-1.074880004E0	6.547732353E-1	-2.125539780E0	2.470225570E0
5.793627537E0	-8.311154842E-1	5.129590034E-1	-2.074741364E0	2.293127038E0
5.801864537E0	-6.060886383E-1	2.831120491E-1	-1.526418686E0	1.666568293E0
5.810098922E0	-4.008758068E-1	-2.919435501E-2	-4.559559822E-1	6.078236426E-1
5.818335460E0	-2.199618816E-1	-4.058499336E-1	8.284626007E-1	9.483921545E-1
5.826570652E0	-5.550646782E-2	-5.738096237E-1	1.677991867E0	1.774259045E0
5.834804768E0	1.018302441E-1	-6.468853951E-1	2.237146378E0	2.331019954E0
5.843039345E0	2.170698643E-1	-6.270189285E-1	2.557529449E0	2.642201534E0
5.851273268E0	1.253135204E-1	-5.986056328E-1	2.641773701E0	2.711641655E0
5.859508806E0	2.498364449E-2	-6.486115456E-1	2.482055664E0	2.565525568E0
5.867743844E0	-6.860113144E-2	-6.533012390E-1	2.216371536E0	2.311668534E0
5.875978960E0	-1.403033733E-1	-6.091799736E-1	1.855530262E0	1.958003532E0
5.884213844E0	-2.794032097E-1	-5.576076508E-1	1.380904198E0	1.515219076E0
5.892448921E0	-4.412448406E-1	-5.958428383E-1	8.526687622E-1	1.129942350E0
5.900684767E0	-4.862790108E-1	-5.771322250E-1	4.415760040E-1	8.743787788E-1
5.908920575E0	-4.159104824E-1	-4.402837753E-1	-3.084325790E-2	6.064508544E-1
5.917157844E0	-3.079104424E-1	-3.757257462E-1	-5.881981850E-1	7.628602635E-1
5.925395421E0	-2.246043682E-1	-3.829312325E-1	-9.533081055E-1	1.051608195E0
5.933633729E0	-2.234420776E-1	-3.498835564E-1	-1.074883461E0	1.152267035E0
5.941870190E0	-3.788313866E-1	-2.501263618E-1	-1.012961388E0	1.110030265E0
5.950115536E0	-4.889979362E-1	-2.179675102E-1	-8.400268555E-1	9.961294771E-1
5.958352921E0	-5.399653912E-1	-2.522449493E-1	-6.794624329E-1	9.038027084E-1
5.966590806E0	-5.924789906E-1	-2.666058540E-1	-5.340628624E-1	8.410310200E-1
5.974827267E0	-6.935451031E-1	-2.791528702E-1	-5.531249046E-1	9.299883306E-1
5.983062652E0	-7.597082853E-1	-2.460260391E-1	-8.015828133E-1	1.131468293E0
5.991298190E0	-8.414487839E-1	-1.162514687E-1	-9.989318848E-1	1.311264798E0
5.999532767E0	-6.376247406E-1	8.003759384E-2	-1.158448696E0	1.324754584E0
6.007767805E0	-2.873780727E-1	2.666020393E-1	-1.109498501E0	1.176711404E0
6.016003921E0	-5.156064034E-2	3.370223045E-1	-7.013101578E-1	7.797938643E-1
6.024238305E0	-6.370544434E-2	2.469954491E-1	-2.476453781E-1	3.555184507E-1
6.032472536E0	-2.581415176E-1	6.106758118E-2	-6.642723083E-2	2.734572537E-1
6.040706767E0	-4.839284420E-1	-2.595343590E-1	-1.262707710E-1	5.634617361E-1
6.048941151E0	-9.287172556E-1	-6.990585327E-1	-3.104214668E-1	1.203145901E0
6.057175228E0	-1.664721012E0	-8.881983757E-1	-5.910234451E-1	1.977245841E0
6.065412036E0	-2.333528519E0	-9.623770714E-1	-9.139142036E-1	2.684541701E0
6.073648459E0	-2.627118587E0	-1.134367466E0	-1.050994396E0	3.048463685E0
6.081885574E0	-2.940363646E0	-1.295917749E0	-1.060166359E0	3.383650970E0
6.090122536E0	-3.569660664E0	-1.480289459E0	-9.270462990E-1	3.974059508E0
6.098358497E0	-3.895983696E0	-1.959450722E0	-6.818795204E-1	4.413965991E0
6.106593459E0	-4.684394360E0	-2.839563847E0	-5.066962242E-1	5.501219357E0
6.114828267E0	-5.354098320E0	-3.837827682E0	-3.017935753E-1	6.594419573E0
6.123062459E0	-5.081942558E0	-4.699752331E0	5.318927765E-2	6.922184716E0
6.131297382E0	-5.056002617E0	-5.247853756E0	5.514378548E-1	7.308024029E0
6.139531920E0	-4.773012161E0	-6.129570484E0	7.456169128E-1	7.804436174E0
6.147765997E0	-4.612643242E0	-7.032546997E0	2.009859085E-1	8.412704100E0
6.156001574E0	-4.013884068E0	-7.072618484E0	-1.360628605E0	8.245271841E0
6.164238728E0	-2.902555704E0	-7.088510990E0	-2.987512589E0	8.221742464E0
6.172476459E0	-1.835327148E0	-7.450677395E0	-4.511467934E0	8.901368563E0
6.180713536E0	-7.357258797E-1	-7.603632927E0	-5.290404320E0	9.292195872E0
6.188948382E0	2.390932083E0	-7.142724991E0	-6.051059246E0	9.661800791E0
6.197192920E0	5.365884781E0	-6.315557957E0	-5.739980221E0	1.008099026E1
6.205429728E0	1.022292995E1	-4.657518864E0	-4.579426765E0	1.213144379E1
6.213666458E0	1.442786217E1	-1.854176521E0	-4.528017521E0	1.523496373E1
6.221901228E0	1.669159317E1	1.100803137E0	-4.593866825E0	1.734718025E1
6.230136266E0	1.750153542E1	3.148946285E0	-4.046245575E0	1.823709702E1
6.238372766E0	1.753060913E1	4.445681572E0	-3.452615976E0	1.841213997E1
6.246609535E0	1.745038605E1	5.582731724E0	-3.064319134E0	1.857613842E1
6.254844189E0	1.904769707E1	6.556660652E0	-2.832996368E0	2.034282259E1
6.263078343E0	2.155072403E1	8.021217346E0	-2.242129564E0	2.310412904E1
6.271316304E0	2.447935867E1	9.748781204E0	-1.695462465E0	2.640364234E1
6.279554535E0	2.662083435E1	1.074063206E1	-1.709428430E0	2.875677562E1
6.287791689E0	2.715405273E1	1.064427662E1	-2.018327236E0	2.923554086E1
6.296028304E0	2.643499756E1	9.344818115E0	-1.712200284E0	2.809032487E1
6.304263997E0	2.421158791E1	6.940558434E0	-9.969933033E-1	2.520647409E1
6.312498535E0	2.190736008E1	3.387794018E0	2.158025503E-1	2.216881018E1
6.320734189E0	2.007183456E1	-5.676496029E-2	2.281746149E0	2.020119131E1
6.328969727E0	1.857739067E1	-3.384335041E0	4.004999161E0	1.930319109E1
6.337204920E0	1.767705536E1	-6.493701935E0	4.475612164E0	1.935658945E1
6.345441573E0	1.664579391E1	-9.209442139E0	3.832611322E0	1.940580298E1
6.353678150E0	1.536923599E1	-1.219707680E1	2.158473969E0	1.973932895E1
6.361913496E0	1.493972206E1	-1.514095497E1	6.309615970E-1	2.128008283E1
6.370149919E0	1.385964203E1	-1.825829506E1	-5.026338696E-1	2.292831560E1
6.378386458E0	1.230927277E1	-2.168592072E1	-1.199395657E0	2.496469313E1
6.386624689E0	9.234696388E0	-2.559808731E1	-1.482495427E0	2.725324722E1
6.394860035E0	2.601164341E0	-2.920881271E1	-1.479768634E0	2.936171847E1
6.403093227E0	-2.960199833E0	-3.063518524E1	-1.287605882E0	3.080479324E1
6.411328265E0	-7.587939739E0	-3.193726730E1	-1.404938698E0	3.285634984E1
6.419562227E0	-1.295430946E1	-3.422262955E1	-1.837467909E0	3.663848789E1
6.427795727E0	-2.045777512E1	-3.601428223E1	-1.669808984E0	4.145283282E1
6.436029573E0	-3.025455093E1	-3.780377197E1	5.267863274E-1	4.842252091E1
6.444273958E0	-3.880179596E1	-3.627784729E1	4.151988983E0	5.328133431E1
6.452509573E0	-4.444013977E1	-3.395478439E1	9.048666954E0	5.665449479E1
6.460745265E0	-4.620513153E1	-3.362630844E1	1.244509029E1	5.848523807E1
6.468979496E0	-4.514992142E1	-3.373688507E1	1.394381618E1	5.806137122E1
6.477216111E0	-4.057055664E1	-3.409592819E1	1.142295551E1	5.421241830E1
6.485453381E0	-3.381665802E1	-3.580070496E1	6.344820023E0	4.965393817E1
6.493688304E0	-2.573243713E1	-3.775055695E1	2.600531578E-1	4.568731222E1
6.501922265E0	-1.667491722E1	-3.982768631E1	-5.705031395E0	4.355278228E1
6.510157496E0	-6.928686619E0	-4.047859955E1	-1.085369682E1	4.247736402E1
6.518392419E0	3.077436924E0	-3.844155884E1	-1.446096897E1	4.118669309E1
6.526626573E0	9.289762497E0	-3.570995331E1	-1.399818039E1	3.946453480E1
6.534861496E0	1.314981651E1	-3.308448029E1	-1.019503689E1	3.703294867E1
6.543095573E0	1.571553421E1	-3.023895836E1	-5.737594604E0	3.455853889E1
6.551330611E0	1.863512039E1	-2.717918587E1	-1.328284621E0	3.298090654E1
6.559565149E0	2.264915276E1	-2.415977859E1	3.802181244E0	3.333370073E1
6.567798534E0	2.944370270E1	-2.098733521E1	6.707000732E0	3.677477024E1
6.576032457E0	3.725009155E1	-1.596494865E1	7.122321129E0	4.114822432E1
6.584267034E0	4.331084442E1	-9.825007439E0	8.258102417E0	4.517251677E1
6.592501688E0	4.708929443E1	-3.563860893E0	9.345561981E0	4.813982014E1
6.600736611E0	4.715289307E1	3.292317629E0	9.862033844E0	4.828555055E1
6.608971842E0	4.599015808E1	8.841416359E0	1.035718060E1	4.796390803E1
6.617206803E0	4.564098358E1	1.295068359E1	1.129716301E1	4.876930879E1
6.625441726E0	4.682698059E1	1.544362068E1	1.152817631E1	5.063763798E1
6.633677918E0	4.761922836E1	1.641762924E1	1.118428421E1	5.159668277E1
6.641914380E0	4.643079376E1	1.657611275E1	8.703893661E0	5.006339869E1
6.650151341E0	4.374804306E1	1.534109974E1	4.975391388E0	4.662612071E1
6.658388226E0	3.956428528E1	1.243530560E1	2.484460592E0	4.154686558E1
6.666624649E0	3.396780396E1	8.336142540E0	1.482879639E0	3.500716941E1
6.674861034E0	2.882671547E1	4.035320759E0	1.765380144E0	2.916127407E1
6.683097187E0	2.418969727E1	-3.931155205E-1	3.287048578E0	2.441517319E1
6.691342995E0	2.132733917E1	-4.419169903E0	4.830346107E0	2.230956527E1
6.699576995E0	1.911737061E1	-8.399914742E0	6.213806152E0	2.178632170E1
6.707811687E0	1.695816422E1	-1.201359081E1	7.180025101E0	2.198768879E1
6.716047264E0	1.550162506E1	-1.512815857E1	7.664222717E0	2.297611523E1
6.724283457E0	1.438618469E1	-1.857754517E1	7.521789551E0	2.467113318E1
6.732520072E0	1.314607525E1	-2.173464203E1	6.589500427E0	2.624186492E1
6.740756649E0	1.137618828E1	-2.449116516E1	5.175740242E0	2.749587456E1
6.748993341E0	9.230250359E0	-2.685687065E1	3.613230467E0	2.862768690E1
6.757228956E0	7.600195885E0	-2.895950890E1	1.567485809E0	2.998121320E1
6.765465226E0	5.599035740E0	-3.094163895E1	-8.064694405E-1	3.145448481E1
6.773699879E0	2.741777420E0	-3.265238190E1	-2.492888451E0	3.286198229E1
6.781935187E0	-1.313502908E0	-3.479343796E1	-4.590221405E0	3.511949241E1
6.790170649E0	-7.230494022E0	-3.701547241E1	-6.852754593E0	3.833256432E1
6.798405533E0	-1.535104465E1	-3.883724976E1	-9.059076309E0	4.273234611E1
6.806639533E0	-2.683965683E1	-3.988285828E1	-1.098054409E1	4.931107291E1
6.814873764E0	-3.807652664E1	-3.810602570E1	-9.426105499E0	5.468768180E1
6.823109225E0	-4.689338303E1	-3.640537262E1	-6.858407497E0	5.976100970E1
6.831344033E0	-5.157981491E1	-3.514737320E1	-3.665479422E0	6.252400250E1
6.839580033E0	-5.182173157E1	-3.375618744E1	-7.276694775E-1	6.185063909E1
6.847817687E0	-4.621099854E1	-3.446013641E1	1.679753780E0	5.766956702E1
6.856053802E0	-3.880539703E1	-3.562139893E1	2.424451351E0	5.273159266E1
6.864287610E0	-3.147429276E1	-3.646237183E1	1.276675224E0	4.818470259E1
6.872522379E0	-2.414932251E1	-3.804516220E1	-2.231768131E0	4.511767873E1
6.880756994E0	-1.654451752E1	-3.979787064E1	-6.774298668E0	4.362892033E1
6.888992725E0	-7.913187027E0	-4.098236847E1	-1.140671921E1	4.326992370E1
6.897229264E0	-4.424481392E-1	-4.107955551E1	-1.418050766E1	4.346046984E1
6.905464302E0	6.135124683E0	-4.022875214E1	-1.561969185E1	4.358861120E1
6.913699302E0	1.057823944E1	-3.838845825E1	-1.402990532E1	4.221861106E1
6.921934263E0	1.307941341E1	-3.613735962E1	-9.458006859E0	3.957819740E1
6.930170340E0	1.618453598E1	-3.402103043E1	-5.323465347E0	3.804877133E1
6.938415571E0	2.061869431E1	-3.205635834E1	-2.366568565E0	3.818823525E1
6.946651571E0	2.553179550E1	-3.037541771E1	1.227025986E0	3.969942286E1
6.954887148E0	3.230936813E1	-2.769128418E1	5.072544575E0	4.285362525E1
6.963122263E0	4.012813950E1	-2.202387428E1	9.781946182E0	4.680817331E1
6.971357533E0	4.790303802E1	-1.487949753E1	1.536787701E1	5.246210196E1
6.979592263E0	5.628190231E1	-9.138537407E0	1.946907806E1	6.025122733E1
6.987828379E0	5.943457031E1	-2.834144115E0	2.257431793E1	6.364039874E1
6.996063840E0	5.820231628E1	5.374747276E0	2.536215210E1	6.371527516E1
7.004299494E0	5.668615723E1	1.082427692E1	2.612749863E1	6.334928237E1
7.012534840E0	5.463208771E1	1.304606152E1	2.398727798E1	6.107580727E1
7.020770340E0	5.120787811E1	1.345097923E1	1.776912689E1	5.584726935E1
7.029006148E0	4.655786896E1	1.272897243E1	1.061487770E1	4.942001143E1
7.037242186E0	4.162723160E1	1.052348137E1	4.562232018E0	4.317851354E1
7.045478071E0	3.573986816E1	7.881928444E0	2.217860222E-1	3.659934646E1
7.053713609E0	2.917007065E1	4.886942387E0	-2.509680510E0	2.968288604E1
7.061951532E0	2.214805984E1	1.442249656E0	-1.992354155E0	2.228421221E1
7.070189571E0	1.725527573E1	-1.765237808E0	-2.614200115E-1	1.734730369E1
7.078426724E0	1.399057865E1	-5.097694397E0	2.327155590E0	1.507111251E1
7.086664263E0	1.151364517E1	-8.538373947E0	5.060277939E0	1.520112718E1
7.094900378E0	9.140331268E0	-1.221808052E1	8.402765274E0	1.741934590E1
7.103136186E0	4.879853249E0	-1.619554520E1	1.262929821E1	2.110942503E1
7.111371840E0	-4.126715660E-1	-1.909616280E1	1.580162239E1	2.478961479E1
7.119607032E0	-7.364085197E0	-2.150838470E1	1.743587494E1	2.865048164E1
7.127844455E0	-1.595235825E1	-2.349164772E1	1.700309372E1	3.309743861E1
7.136081070E0	-2.504784012E1	-2.447737312E1	1.384035301E1	3.765755517E1
7.144318224E0	-3.534272385E1	-2.519519615E1	8.124818802E0	4.415788399E1
7.152554263E0	-4.373555756E1	-2.537413979E1	4.697993279E0	5.078107035E1
7.160790147E0	-5.087404251E1	-2.386530304E1	4.494866371E0	5.637308502E1
7.169026916E0	-5.361075592E1	-2.204803276E1	7.483489990E0	5.844853738E1
7.177263878E0	-5.073866272E1	-2.216127396E1	1.130543518E1	5.650970556E1
7.185510416E0	-4.377073669E1	-2.321789169E1	1.468788719E1	5.167864081E1
7.193748147E0	-3.681196594E1	-2.417019081E1	1.530297756E1	4.662081169E1
7.201984878E0	-2.933652306E1	-2.541874313E1	1.303437042E1	4.094678131E1
7.210222609E0	-2.213008118E1	-2.644622803E1	8.791313171E0	3.558694504E1
7.218460108E0	-1.453920364E1	-2.707631683E1	3.704843044E0	3.095547186E1
7.226697070E0	-7.918379307E0	-2.728876114E1	4.869294167E-2	2.841442567E1
7.234934762E0	-2.011719227E0	-2.738707542E1	-1.941156268E0	2.752938434E1
7.243170762E0	3.730392456E0	-2.769724846E1	-2.722893000E0	2.807966428E1
7.251406685E0	9.808289528E0	-2.864754486E1	-2.625971079E0	3.039375091E1
7.259643378E0	1.710785484E1	-2.952577209E1	-1.672596693E0	3.416500395E1
7.267879531E0	2.368862152E1	-2.921478462E1	-8.657774925E-1	3.762185536E1
7.276114916E0	2.926972198E1	-2.761915779E1	-1.274271727E0	4.026360976E1
7.284350454E0	3.267321014E1	-2.551572990E1	-3.278340340E0	4.158531771E1
7.292586301E0	3.439570618E1	-2.335697365E1	-4.485914230E0	4.181789387E1
7.300822570E0	3.457957077E1	-2.025955200E1	-7.041621685E0	4.069128405E1
7.309059108E0	3.270053101E1	-1.703687286E1	-9.679761887E0	3.812187765E1
7.317294647E0	2.949959755E1	-1.392538834E1	-1.200800228E1	3.476111067E1
7.325530493E0	2.574974442E1	-1.133722496E1	-1.365170574E1	3.127220934E1
7.333767454E0	2.231636810E1	-9.324501991E0	-1.400230122E1	2.794693296E1
7.342003839E0	1.927952385E1	-8.292772293E0	-1.303718758E1	2.470705106E1
7.350240685E0	1.648599243E1	-8.238327026E0	-1.126193905E1	2.159836220E1
7.358477877E0	1.325938702E1	-8.259067535E0	-9.581786156E0	1.832577874E1
7.366714223E0	1.013248730E1	-8.392192841E0	-7.810911655E0	1.530054053E1
7.374950916E0	7.406242371E0	-8.721862793E0	-6.421409130E0	1.312089219E1
7.383187262E0	4.402931213E0	-8.973355293E0	-5.967844963E0	1.164139519E1
7.391424416E0	2.066833496E0	-8.899223328E0	-6.523392677E0	1.122598007E1
7.399661069E0	1.111328125E0	-8.761272430E0	-6.420265675E0	1.091855101E1
7.407898839E0	6.173896790E-2	-8.556743622E0	-5.573214531E0	1.021187511E1
7.416134762E0	-1.256861687E0	-8.487501144E0	-3.836263657E0	9.398632657E0
7.424371069E0	-2.294686794E0	-8.497682571E0	-1.245852232E0	8.889788769E0
7.432614608E0	-3.056647778E0	-8.029837608E0	9.815191031E-1	8.647818650E0
7.440849069E0	-3.662132263E0	-7.162277699E0	3.030066252E0	8.595972082E0
7.449084915E0	-4.326092243E0	-6.150609493E0	5.095175743E0	9.083275130E0
7.457321800E0	-4.560690403E0	-5.044095039E0	7.006568909E0	9.763954096E0
7.465558761E0	-4.731334209E0	-3.316746950E0	8.860447884E0	1.057798991E1
7.473794761E0	-4.930838585E0	-1.896542549E0	1.036144543E1	1.163054574E1
7.482031915E0	-4.875781536E0	-6.815534234E-1	1.187189865E1	1.285222698E1
7.490270069E0	-4.459886551E0	8.274529576E-1	1.365175915E1	1.438561067E1
7.498506954E0	-3.936754704E0	2.933184862E0	1.497522831E1	1.575941223E1
7.506743300E0	-3.294977188E0	5.650970459E0	1.578249645E1	1.708442379E1
7.514979492E0	-2.805869579E0	8.287164688E0	1.721719360E1	1.931273565E1
7.523215992E0	-2.542382240E0	1.122268295E1	1.932853508E1	2.249454575E1
7.531451761E0	-2.347310066E0	1.422759533E1	2.132087326E1	2.573934673E1
7.539687915E0	-2.325488567E0	1.705089378E1	2.249132347E1	2.831961348E1
7.547924376E0	-1.932697296E0	2.006823349E1	2.272283745E1	3.037756830E1
7.556160992E0	-1.117879868E0	2.209387016E1	2.193795776E1	3.115546092E1
7.564397684E0	1.331777573E-1	2.313112450E1	2.075198936E1	3.107590255E1
7.572635723E0	1.404422760E0	2.357422638E1	1.939070320E1	3.055676559E1
7.580874299E0	2.190525055E0	2.346973419E1	1.824645996E1	2.980872564E1
7.589111107E0	3.526021004E0	2.237792397E1	1.712277222E1	2.839707086E1
7.597348299E0	4.896653175E0	2.100120163E1	1.610608673E1	2.691530628E1
7.605585184E0	5.990577698E0	1.925540543E1	1.493866444E1	2.509624184E1
7.613821530E0	6.737195015E0	1.733146667E1	1.339190292E1	2.291533543E1
7.622057838E0	7.212491989E0	1.545315933E1	1.148458481E1	2.056005502E1
7.630296261E0	7.428632736E0	1.342958641E1	9.060764313E0	1.782234063E1
7.638534145E0	7.072531700E0	1.161741161E1	7.010738373E0	1.530148391E1
7.646771838E0	6.457744598E0	9.777163506E0	5.268168926E0	1.284713958E1
7.655010607E0	5.887159348E0	8.076590538E0	4.041785717E0	1.078081591E1
7.663248338E0	5.448848724E0	6.603012085E0	3.269371986E0	9.163979168E0
7.671483876E0	5.207050323E0	5.180745602E0	2.557035446E0	7.777655709E0
7.679728607E0	4.996788979E0	3.969279766E0	2.112778902E0	6.722121439E0
7.687965991E0	4.555868149E0	2.834362030E0	1.766612172E0	5.648934525E0
7.696204376E0	3.932023048E0	1.854529023E0	1.446483135E0	4.581746022E0
7.704441299E0	3.388683319E0	1.146546841E0	1.214576244E0	3.777954440E0
7.712677914E0	2.961200714E0	6.664010882E-1	1.067757845E0	3.217593339E0
7.720914337E0	3.148624420E0	6.427558064E-1	1.071855903E0	3.387601783E0
7.729150607E0	3.524724007E0	7.157102227E-1	9.272662401E-1	3.714262124E0
7.737388453E0	4.619501114E0	1.593584716E-1	4.889181256E-1	4.648034703E0
7.745625914E0	5.350809097E0	-1.610678673E0	-2.331829071E-2	5.588021790E0
7.753863453E0	6.485034943E0	-3.975262642E0	-6.085222960E-2	7.606713763E0
7.762101145E0	8.875044823E0	-5.751474857E0	4.473357499E-1	1.058517798E1
7.770338529E0	1.206692410E1	-7.167307854E0	1.019001007E0	1.407193384E1
7.778577029E0	1.440963840E1	-8.774123192E0	1.109735250E0	1.690723008E1
7.786813991E0	1.533274269E1	-1.060747623E1	6.977028847E-1	1.865739370E1
7.795051568E0	1.523777103E1	-1.217513275E1	-7.841981053E-1	1.952020723E1
7.803288375E0	1.413971996E1	-1.336047173E1	-2.633062601E0	1.963076422E1
7.811525222E0	1.242516422E1	-1.517882919E1	-4.391944408E0	2.010151082E1
7.819761837E0	9.181480408E0	-1.702966690E1	-5.087317467E0	2.000474784E1
7.827998106E0	5.742435455E0	-1.802705383E1	-4.884643078E0	1.953995836E1
7.836234375E0	2.840930939E0	-1.763322449E1	-2.625375271E0	1.805253693E1
7.844469298E0	1.739288807E0	-1.655182648E1	-6.061475277E-1	1.665399352E1
7.852705568E0	1.370684624E0	-1.551452065E1	1.302573919E0	1.562932583E1
7.860942568E0	8.677539825E-1	-1.452616882E1	2.801962376E0	1.481936472E1
7.869179144E0	3.751897812E-2	-1.337261581E1	3.538474083E0	1.383289775E1
7.877415837E0	-4.863924980E-1	-1.207463360E1	4.520886898E0	1.290239406E1
7.885652337E0	-6.329817772E-1	-1.065425396E1	5.182148933E0	1.186458853E1
7.893889760E0	-7.355053425E-1	-9.227249146E0	5.258589745E0	1.064593166E1
7.902126029E0	-7.347841263E-1	-8.058591843E0	4.861672878E0	9.440162783E0
7.910362606E0	-7.675848007E-1	-7.180874348E0	4.089810848E0	8.299439475E0
7.918599337E0	-9.648175240E-1	-6.346378326E0	2.960127354E0	7.068928113E0
7.926844144E0	-1.404695749E0	-5.615305901E0	1.891116142E0	6.089429429E0
7.935080260E0	-1.823980808E0	-4.920913696E0	8.768773079E-1	5.320828075E0
7.943317798E0	-1.874752283E0	-4.235163689E0	-8.032560349E-2	4.632252130E0
7.951552567E0	-1.813841343E0	-3.540674925E0	-9.034361839E-1	4.079533831E0
7.959786875E0	-1.179459214E0	-2.888417244E0	-1.551635742E0	3.484487292E0
7.968022067E0	-7.550754547E-1	-2.362888813E0	-2.067666531E0	3.229338534E0
7.976258913E0	-6.840233803E-1	-1.959017754E0	-2.502651215E0	3.250984719E0
7.984496490E0	-7.429474592E-1	-1.718773842E0	-2.797208071E0	3.366084883E0
7.992733490E0	-7.567366362E-1	-1.638224125E0	-2.801652193E0	3.332519112E0
8.000969336E0	-9.124656320E-1	-1.633602142E0	-2.538547039E0	3.153644013E0
8.009205105E0	-1.132386684E0	-1.500195503E0	-2.198935986E0	2.892785097E0
8.017441798E0	-1.180159330E0	-1.353132248E0	-1.761068344E0	2.514976071E0
8.025679144E0	-1.208420396E0	-1.099232674E0	-1.239609718E0	2.050664423E0
8.033915721E0	-1.228544235E0	-8.499193192E-1	-6.942658424E-1	1.647327790E0
8.042152336E0	-1.202629924E0	-5.854835510E-1	-2.301530838E-1	1.357232539E0
8.050389798E0	-1.114220619E0	-3.522915840E-1	-8.064842224E-2	1.171367200E0
8.058628182E0	-9.007271528E-1	-1.833662987E-1	-6.680011749E-2	9.216262035E-1
8.066867221E0	-9.154995084E-1	-7.523918152E-2	-1.493225098E-1	9.306435925E-1
8.075105067E0	-7.711299062E-1	8.936929703E-2	-3.360385895E-1	8.459019666E-1
8.083343413E0	-6.010673642E-1	2.339305878E-1	-6.369299889E-1	9.064685913E-1
8.091581644E0	-6.616299152E-1	2.763772011E-1	-6.571345329E-1	9.726069588E-1
8.099820490E0	-1.093799829E0	3.201165199E-1	-6.567292213E-1	1.315357717E0
8.108059105E0	-1.786342382E0	4.189062119E-1	-6.295557022E-1	1.939804605E0
8.116296913E0	-2.198277950E0	5.094261169E-1	-5.403213501E-1	2.320320684E0
8.124535720E0	-2.284594059E0	5.704107285E-1	-2.858958244E-1	2.372019147E0
8.132774105E0	-2.180849075E0	6.101531982E-1	-6.607770920E-2	2.265558624E0
8.141011990E0	-1.943760991E0	5.766344070E-1	5.114603043E-2	2.028134598E0
8.149248990E0	-1.588461399E0	5.699229240E-1	8.282184601E-2	1.689639374E0
8.157485951E0	-1.198240042E0	5.667686462E-1	1.789078712E-1	1.337540251E0
8.165722489E0	-8.517772555E-1	5.045762062E-1	3.517584801E-1	1.050645358E0
8.173969759E0	-5.841168165E-1	4.236426353E-1	5.102329254E-1	8.837438407E-1
8.182208913E0	-4.722115993E-1	3.740611076E-1	5.847053528E-1	8.395152508E-1
8.190447259E0	-4.907376766E-1	2.961559296E-1	5.507254601E-1	7.948775593E-1
8.198684528E0	-5.640460849E-1	1.639947891E-1	4.458031654E-1	7.374162590E-1
8.206921912E0	-7.630734444E-1	4.090356827E-2	2.373218536E-1	8.001723849E-1
8.215159682E0	-9.112330675E-1	-4.292774200E-2	1.678514481E-1	9.275573314E-1
8.223397682E0	-9.271926284E-1	-6.964969635E-2	1.504020691E-1	9.418906692E-1
8.231635143E0	-8.728572130E-1	-3.056526184E-3	1.563186646E-1	8.867494469E-1
8.239872643E0	-8.021312356E-1	6.966066360E-2	1.559329033E-1	8.201110885E-1
8.248111105E0	-6.295745373E-1	4.444694519E-2	8.370351791E-2	6.366678159E-1
8.256347451E0	-4.627145529E-1	-1.697826385E-2	5.753707886E-2	4.665871133E-1
8.264584105E0	-2.506386042E-1	-1.029481888E-1	4.654455185E-2	2.749262352E-1
8.272819335E0	-2.752802372E-1	-1.635036469E-1	3.902292252E-2	3.225452526E-1
8.281056528E0	-4.088403583E-1	-2.322983742E-1	-4.166746140E-2	4.720690103E-1
8.289293412E0	-7.231479883E-1	-3.087687492E-1	-1.866264343E-1	8.081525719E-1
8.297531220E0	-9.438804388E-1	-3.678507805E-1	-2.940611839E-1	1.054844282E0
8.305768681E0	-8.604700565E-1	-3.631482124E-1	-3.333597183E-1	9.916723472E-1
8.314006604E0	-6.858388186E-1	-2.985620499E-1	-3.262124062E-1	8.160445555E-1
8.322244527E0	-4.347636104E-1	-2.208137512E-1	-3.258790970E-1	5.864940711E-1
8.330482297E0	-2.199307084E-1	-1.202292442E-1	-1.850070953E-1	3.115320417E-1
8.338720104E0	-1.342144012E-1	-7.110261917E-2	8.764171600E-2	1.753572306E-1
8.346957912E0	-1.718527079E-2	-4.577064514E-2	3.340644836E-1	3.376231105E-1
8.355197258E0	1.077467203E-1	-4.847383499E-2	4.319543839E-1	4.478210113E-1
8.363436720E0	1.502245069E-1	-7.782268524E-2	5.452737808E-1	5.709179178E-1
8.371675027E0	1.203273535E-1	-8.141183853E-2	6.216273308E-1	6.383784910E-1
8.379912989E0	8.289098740E-3	-1.413631439E-1	7.649035454E-1	7.779008172E-1
8.388150066E0	-2.461234331E-1	-4.233460426E-1	1.267880917E0	1.359161740E0
8.396387604E0	-8.877823353E-1	-9.725914001E-1	1.810169697E0	2.238482932E0
8.404624950E0	-2.183624744E0	-1.858077526E0	2.228877544E0	3.631606287E0
8.412861681E0	-4.512747765E0	-2.848468781E0	1.927953720E0	5.674123045E0
8.421107181E0	-6.908392906E0	-3.648471355E0	1.107635498E0	7.890759924E0
8.429344758E0	-9.280407906E0	-4.737940788E0	1.860790253E-1	1.042154879E1
8.437580796E0	-1.124325085E1	-6.148151398E0	1.123833656E-1	1.281495553E1
8.445817142E0	-1.236164093E1	-7.331814766E0	9.792308807E-1	1.440571301E1
8.454053835E0	-1.220741463E1	-8.523899078E0	2.193433762E0	1.504955079E1
8.462290835E0	-1.134191608E1	-9.362309456E0	3.563164711E0	1.513235083E1
8.470527411E0	-9.893857956E0	-9.550266266E0	3.956311226E0	1.430903245E1
8.478765411E0	-9.626966476E0	-9.442547798E0	1.856872797E0	1.361205969E1
8.487002642E0	-9.056837082E0	-9.339380264E0	-1.837514043E0	1.313875106E1
8.495239681E0	-6.296567917E0	-9.082153320E0	-5.195600510E0	1.221173784E1
8.503477796E0	-8.409752846E-1	-6.623114109E0	-9.895108223E0	1.193675193E1
8.511717027E0	4.936095238E0	-2.784752846E0	-1.600073814E1	1.697479030E1
8.519955565E0	1.032182503E1	1.743581772E0	-2.333160400E1	2.557232674E1
8.528192988E0	1.500549889E1	4.611171246E0	-3.253432083E1	3.612353705E1
8.536430527E0	1.868245506E1	5.518140316E0	-4.020469284E1	4.467551148E1
8.544668296E0	1.734718513E1	5.443887711E0	-3.832132339E1	4.241561708E1
8.552904450E0	1.257045555E1	4.645334244E0	-2.956597900E1	3.246140166E1
8.561140642E0	8.041469574E0	2.525905609E0	-1.991500854E1	2.162528607E1
8.569377180E0	4.641432285E0	8.242959976E-1	-1.266341591E1	1.351238173E1
8.577613334E0	1.224823475E0	-8.892059326E-3	-6.247524261E0	6.366461420E0
8.585850334E0	-1.930143833E0	-7.712073326E-1	-3.643213272E0	4.194427126E0
8.594087757E0	-4.962277412E0	-2.286177158E0	-2.590492249E0	6.046606751E0
8.602325065E0	-7.325241089E0	-4.253929138E0	-1.617918015E0	8.623962478E0
8.610562257E0	-1.082990456E1	-6.273205280E0	-6.818566322E-1	1.253414798E1
8.618799065E0	-1.307223988E1	-8.151999474E0	1.498120308E0	1.547846618E1
8.627035565E0	-1.190017796E1	-9.080528259E0	5.185741901E0	1.584178487E1
8.635271257E0	-9.297823906E0	-9.144505501E0	9.566202164E0	1.617355045E1
8.643509295E0	-6.174887657E0	-8.749436378E0	1.430504799E1	1.786942284E1
8.651746795E0	-4.612411976E0	-8.321648598E0	1.640221786E1	1.896198646E1
8.659984180E0	-6.278247833E0	-7.503681660E0	1.524185753E1	1.811176014E1
8.668230449E0	-7.495391846E0	-6.862754345E0	1.152116299E1	1.536279573E1
8.676466949E0	-7.593410492E0	-6.272064209E0	6.103663445E0	1.158677607E1
8.684704103E0	-7.636805534E0	-4.757736683E0	2.313227654E-1	9.000575945E0
8.692941103E0	-7.249945164E0	-2.522554874E0	-4.993150234E0	9.157321510E0
8.701177526E0	-4.139196873E0	-1.098583698E0	-1.081891823E1	1.163567052E1
8.709414295E0	-2.357697487E-1	-1.247981071E0	-1.634962845E1	1.639888394E1
8.717651334E0	2.101060390E0	-4.165530205E-1	-1.528858185E1	1.543789837E1
8.725889526E0	3.236495018E0	6.200060844E-1	-1.142820549E1	1.189382984E1
8.734128487E0	3.404222965E0	4.981908798E-1	-6.667191505E0	7.502557612E0
8.742367295E0	1.864439011E0	-2.168292999E-1	-1.119546413E0	2.185527840E0
8.750605718E0	-6.610965729E-2	-8.018646240E-1	1.969186306E0	2.127216978E0
8.758844756E0	-1.014421701E0	-1.174246788E0	4.532574654E0	4.790839164E0
8.767082949E0	-9.121398926E-1	-1.169983864E0	6.923904896E0	7.081053624E0
8.775322179E0	-1.722164154E-1	-1.074521542E0	7.970526695E0	8.044473310E0
8.783561141E0	4.982025623E-1	-1.284399033E0	7.845391750E0	7.965428952E0
8.791799218E0	5.221521854E-1	-1.451333046E0	6.567216396E0	6.745912964E0
8.800036141E0	-6.870198250E-2	-1.413815022E0	4.805417061E0	5.009553474E0
8.808272718E0	-9.065036774E-1	-1.263978481E0	2.984979630E0	3.365931358E0
8.816510756E0	-1.489936829E0	-1.145988464E0	1.468134880E0	2.385083089E0
8.824749487E0	-1.842508197E0	-1.139810562E0	2.652831078E-1	2.182745908E0
8.832988333E0	-1.979174376E0	-1.236603260E0	-2.604427338E-1	2.348222572E0
8.841226641E0	-1.575195074E0	-1.470226765E0	-6.459002495E-1	2.249442907E0
8.849464102E0	-1.164774299E0	-1.407684326E0	-1.008357048E0	2.086877635E0
8.857700371E0	-1.424383759E0	-6.941952705E-1	-1.201982498E0	1.988853462E0
8.865937833E0	-9.045524597E-1	-2.660284042E-1	-1.950726986E0	2.166638419E0
8.874174294E0	-6.828653812E-1	-1.062049866E-1	-2.273686171E0	2.376390841E0
8.882410794E0	-5.630568266E-1	-1.918125153E-2	-2.332401752E0	2.399478870E0
8.890648179E0	-4.864758253E-1	1.377668381E-1	-2.936196089E0	2.979410328E0
8.898885833E0	-3.457497358E-1	2.515697479E-1	-3.774760723E0	3.798900990E0
8.907123064E0	-1.754264951E0	8.910751343E-2	-4.050964355E0	4.415393287E0
8.915368333E0	-6.285760403E-1	-7.550482750E-1	-4.393608570E0	4.502110839E0
8.923605102E0	4.451901913E-1	-6.656312943E-1	-4.614292145E0	4.683262893E0
8.931841910E0	2.435679436E-1	-6.933784485E-2	-4.545220375E0	4.552269910E0
8.940078217E0	5.581481457E-1	4.409270287E-1	-4.220354557E0	4.279876001E0
8.948313910E0	1.096688509E0	7.664909363E-1	-3.410504341E0	3.663573925E0
8.956549640E0	6.807575226E-1	3.346705437E-1	-3.106558800E0	3.197834072E0
8.964786333E0	1.034581900E0	-4.139232635E-2	-2.510333300E0	2.715482702E0
8.973023371E0	1.275635123E0	-2.735490799E-1	-1.336500168E0	1.867700930E0
8.981259986E0	9.303338528E-1	-4.107146263E-1	-1.766824722E-1	1.032193915E0
8.989497063E0	-3.305721283E-2	-5.654668808E-1	3.675966263E-1	6.752576192E-1
8.997735256E0	-7.529509068E-1	-8.416576385E-1	5.255446434E-1	1.245600185E0
9.005973679E0	-1.288892984E0	-1.054892063E0	7.453165054E-1	1.824702464E0
9.014211525E0	-1.690742850E0	-1.033919334E0	9.448437691E-1	2.195525068E0
9.022449025E0	-2.076067448E0	-9.066424370E-1	1.260699749E0	2.592570233E0
9.030685755E0	-1.532621384E0	-6.388812065E-1	1.941577435E0	2.554764262E0
9.038923025E0	-6.583679914E-1	-5.792703629E-1	2.526607037E0	2.674461756E0
9.047160486E0	8.211147785E-2	-8.046369553E-1	2.777273178E0	2.892650900E0
9.055397525E0	1.033319235E0	-1.215250969E0	2.357961178E0	2.846851678E0
9.063634948E0	1.302201748E0	-2.377833843E0	8.346796036E-2	2.712340332E0
9.071872448E0	1.546440721E-1	-5.853686333E-1	7.178068161E-1	9.390515700E-1
9.080110101E0	-5.694603920E-2	-5.660843849E-1	4.662003517E-1	7.355522756E-1
9.088347486E0	-1.011905670E-1	-4.136047363E-1	-7.915577888E-1	8.988170792E-1
9.096583255E0	3.020738959E-1	-3.004984856E-1	-1.262936592E0	1.332875393E0
9.104821178E0	8.250190616E-1	-1.594262123E-1	-2.633833885E-1	8.805929698E-1
9.113057332E0	1.359472752E0	-8.146100044E-1	-5.022811890E-1	1.662540831E0
9.121295370E0	1.611067176E0	-9.231114388E-1	9.631299973E-2	1.859287059E0
9.129533140E0	2.250359058E0	-5.511574745E-1	1.223959446E0	2.620299063E0
9.137771370E0	2.447924376E0	7.503390312E-1	2.847899914E0	3.829605245E0
9.146008101E0	2.332296133E0	2.229870319E0	3.478393078E0	4.744591162E0
9.154245563E0	1.303341150E0	2.627198696E0	2.628311157E0	3.938132893E0
9.162492409E0	-3.193908036E-1	2.062732697E0	1.993835926E0	2.886565150E0
9.170731947E0	-1.850824118E0	1.404798985E0	1.620373249E0	2.832775947E0
9.178970870E0	-2.883724689E0	1.004559040E0	1.402291298E0	3.360271988E0
9.187210101E0	-3.079945326E0	5.648593903E-1	7.431011200E-1	3.218280382E0
9.195449216E0	-2.481202602E0	2.860202789E-1	7.948684692E-2	2.498898180E0
9.203688139E0	-1.524291039E0	2.146935463E-1	-1.519589424E-1	1.546818674E0
9.211925832E0	-8.251023293E-1	3.879928589E-1	-2.720499039E-2	9.121800391E-1
9.220163985E0	-7.681319118E-1	8.130087852E-1	3.071866035E-1	1.159902379E0
9.228401178E0	-1.168159485E0	1.178608894E0	4.864106178E-1	1.729251514E0
9.236637947E0	-1.178759813E0	1.250112057E0	3.687777519E-1	1.757342278E0
9.244874985E0	-1.212828636E0	1.123371601E0	2.869477272E-1	1.677872478E0
9.253111755E0	-1.252153754E0	1.024064541E0	3.647627831E-1	1.658206590E0
9.261347562E0	-1.012104869E0	9.093747139E-1	3.527936935E-1	1.405625137E0
9.269582678E0	-4.538739324E-1	5.458312035E-1	2.211799622E-1	7.435414076E-1
9.277819062E0	-9.891805053E-2	3.716669083E-1	1.280336380E-1	4.053562432E-1
9.286056562E0	-2.300676703E-2	2.988367081E-1	5.856657028E-2	3.053894769E-1
9.294294062E0	1.353396177E-1	4.158768654E-1	-4.239749908E-2	4.393949558E-1
9.302531024E0	2.654334307E-1	4.477601051E-1	-7.460784912E-2	5.258425135E-1
9.310768101E0	3.058137000E-1	4.039092064E-1	-6.905555725E-3	5.066678920E-1
9.319005793E0	4.286378324E-1	3.436059952E-1	2.952814102E-2	5.501521448E-1
9.327243754E0	4.735504389E-1	2.495474815E-1	3.519344330E-2	5.364350307E-1
9.335480254E0	4.702668488E-1	1.528258324E-1	-1.096925735E-1	5.064968952E-1
9.343717370E0	4.029986262E-1	8.718061447E-2	-2.520203590E-1	4.832417756E-1
9.351954254E0	2.360980511E-1	4.846000671E-2	-3.420677185E-1	4.184506972E-1
9.360190793E0	6.056463718E-2	-2.378320694E-2	-4.193930626E-1	4.244104819E-1
9.368427293E0	-3.992635012E-2	-7.701730728E-2	-3.992104530E-1	4.085275570E-1
9.376663869E0	-1.389148235E-1	-1.063585281E-1	-3.441195488E-1	3.860410970E-1
9.384902908E0	-1.969643235E-1	-1.195449829E-1	-2.563643456E-1	3.446862709E-1
9.393139293E0	-1.558230519E-1	-1.248822212E-1	-1.256818771E-1	2.359498399E-1
9.401374331E0	-3.451454639E-2	-1.409273148E-1	-6.313133240E-2	1.582318776E-1
9.409618562E0	3.793513775E-2	-2.485709190E-1	-4.779386520E-2	2.559508352E-1
9.417853908E0	2.239835262E-1	-2.051277161E-1	-2.343273163E-2	3.046228698E-1
9.426088177E0	2.405433357E-1	-1.821594238E-1	3.786087036E-2	3.040996507E-1
9.434324523E0	1.915048659E-1	-2.033886909E-1	2.583360672E-2	2.805502602E-1
9.442561254E0	1.301569939E-1	-2.192888260E-1	-3.220748901E-2	2.570325944E-1
9.450798523E0	-2.237290144E-2	-1.796212196E-1	1.265621185E-2	1.814511200E-1
9.459036100E0	-1.427580714E-1	-1.503834724E-1	4.951906204E-2	2.131834732E-1
9.467274292E0	-1.476593018E-1	-1.182932854E-1	8.581590652E-2	2.077521133E-1
9.475513484E0	-7.018822432E-2	-1.169037819E-1	1.048493385E-1	1.720065837E-1
9.483751331E0	3.051614761E-2	-1.299734116E-1	1.047649384E-1	1.697056725E-1
9.491988984E0	3.384703398E-2	-1.149868965E-1	9.342479706E-2	1.519730265E-1
9.500226369E0	-2.390253544E-2	-8.642578125E-2	6.857872009E-2	1.128883861E-1
9.508465715E0	-5.675184727E-2	-3.449678421E-2	4.916620255E-2	8.263241351E-2
9.516702907E0	-8.677691221E-2	-3.786659241E-2	4.200458527E-2	1.035784558E-1
9.524939177E0	-6.479424238E-2	-1.004219055E-2	4.909753799E-2	8.191280531E-2
9.533174446E0	-5.578058958E-2	3.265666962E-2	1.322550774E-1	1.472050873E-1
9.541410753E0	-2.589696646E-2	2.059078217E-2	1.935324669E-1	1.963401358E-1
9.549648292E0	4.375410080E-2	-8.366107941E-3	1.542882919E-1	1.605904422E-1
9.557884869E0	1.010217667E-1	-2.082395554E-2	8.412933350E-2	1.331043922E-1
9.566121330E0	8.159136772E-2	-1.683664322E-2	5.975103378E-2	1.025222409E-1
9.574356523E0	8.794921637E-2	1.339435577E-3	1.839265823E-1	2.038770375E-1
9.582593599E0	7.487988472E-2	6.723880768E-3	2.824988365E-1	2.923316615E-1
9.590829215E0	2.903962135E-2	1.529264450E-2	2.318053246E-1	2.341172208E-1
9.599064561E0	-5.588644743E-2	3.931093216E-2	1.561794281E-1	1.704718691E-1
9.607300869E0	-1.803129911E-2	3.114748001E-2	2.061233521E-1	2.092417968E-1
9.615534984E0	9.159338474E-2	-1.363849640E-2	2.734951973E-1	2.887472591E-1
9.623768561E0	1.961912513E-1	-6.447219849E-2	1.169710159E-1	2.373391877E-1
9.632004407E0	2.918041348E-1	-9.946584702E-2	-1.008529663E-1	3.243677368E-1
9.640240753E0	1.999421716E-1	-1.081547737E-1	-1.603903770E-1	2.782074767E-1
9.648475830E0	-1.095317602E-1	-1.120629311E-1	-6.600904465E-2	1.700367636E-1
9.656720407E0	-1.011078954E-1	-7.608079910E-2	1.063618660E-1	1.652995494E-1
9.664956407E0	-6.794244051E-2	-4.576539993E-2	3.784041405E-1	3.871696535E-1
9.673192330E0	-1.905539036E-1	-6.119918823E-2	5.265078545E-1	5.632642822E-1
9.681430368E0	-1.217669249E-1	-8.961439133E-2	3.072404861E-1	3.424246478E-1
9.689668984E0	-2.740995884E-1	-1.333327293E-1	-8.178219795E-1	8.727777445E-1
9.697906522E0	-9.771693945E-1	2.421412468E-1	-1.776812553E0	2.042193737E0
9.706143714E0	4.960370064E-2	1.789197922E-1	2.362256050E-1	3.004585755E-1
9.714380830E0	7.588295937E-1	-1.862049103E-2	-1.254782677E-1	7.693593897E-1
9.722617907E0	8.509931564E-1	-3.038830757E-1	-1.584491730E-1	9.174096230E-1
9.730855676E0	8.588379622E-1	-3.965654373E-1	2.933282852E-1	9.904081352E-1
9.739093137E0	3.776183128E-1	-3.747596741E-1	6.804857254E-1	8.637715126E-1
9.747331983E0	-2.519701719E-1	-7.477521896E-2	-4.814004898E-2	2.672036026E-1
9.755570291E0	-2.836824656E-1	1.812381744E-1	-4.299974442E-1	5.460959798E-1
